name,code,lga_name11,lga_code11,total_division_c_offences,total_division_e_offences,total_division_a_offences,total_division_f_offences,reference_period,total_division_b_offences,total_division_d_offences,total_crime,lga_code18,persons_total,lga_name18,crime_rate
WEST MELBOURNE,24600,Melbourne (C),24600,1372,2759,4028,69,2018,15254,3418,26900,24600,169961,Melbourne (C),15827.16034855055
BROADFORD,24850,Mitchell (S),24850,173,466,678,6,2018,1510,209,3042,24850,44299,Mitchell (S),6866.972166414592
BROOKFIELD,24650,Melton (S),24650,213,870,1507,8,2018,4963,248,7809,24650,156713,Melton (C),4982.994391020528
BROOKLYN,21180,Brimbank (C),21180,597,1681,2412,23,2018,8153,684,13550,21180,208714,Brimbank (C),6492.137566238967
ELWOOD,25900,Port Phillip (C),25900,428,680,1257,17,2018,6639,775,9796,25900,113200,Port Phillip (C),8653.710247349823
EMERALD,21450,Cardinia (S),21450,197,465,758,14,2018,2604,239,4277,21450,107120,Cardinia (S),3992.718446601942
ALTONA NORTH,23110,Hobsons Bay (C),23110,117,456,754,21,2018,3218,261,4827,23110,96470,Hobsons Bay (C),5003.628070902872
BRUNSWICK,25250,Moreland (C),25250,272,900,1430,16,2018,7913,455,10986,25250,181725,Moreland (C),6045.398266611638
MOLESWORTH,25620,Murrindindi (S),25620,41,49,116,3,2018,289,37,535,25620,14478,Murrindindi (S),3695.261776488465
SOUTH GEELONG,22750,Greater Geelong (C),22750,507,1874,2481,26,2018,11158,902,16948,22750,252217,Greater Geelong (C),6719.6104941379845
SOUTH KINGSVILLE,23110,Hobsons Bay (C),23110,117,456,754,21,2018,3218,261,4827,23110,96470,Hobsons Bay (C),5003.628070902872
SOUTH MELBOURNE,25900,Port Phillip (C),25900,428,680,1257,17,2018,6639,775,9796,25900,113200,Port Phillip (C),8653.710247349823
SOUTH MORANG,27070,Whittlesea (C),27070,329,1217,2115,11,2018,7361,318,11351,27070,223322,Whittlesea (C),5082.795246325933
BOX HILL,26980,Whitehorse (C),26980,174,516,850,13,2018,4712,229,6494,26980,176196,Whitehorse (C),3685.6682331040433
BOX HILL NORTH,26980,Whitehorse (C),26980,174,516,850,13,2018,4712,229,6494,26980,176196,Whitehorse (C),3685.6682331040433
GISBORNE,24130,Macedon Ranges (S),24130,54,231,287,6,2018,869,79,1526,24130,49388,Macedon Ranges (S),3089.8193893253424
MOORABBIN,23430,Kingston (C),23430,278,971,1091,21,2018,5195,396,7952,23430,163431,Kingston (C) (Vic.),4865.661961317009
MORANDING,24850,Mitchell (S),24850,173,466,678,6,2018,1510,209,3042,24850,44299,Mitchell (S),6866.972166414592
MORDIALLOC,23430,Kingston (C),23430,278,971,1091,21,2018,5195,396,7952,23430,163431,Kingston (C) (Vic.),4865.661961317009
WOODSTOCK,27070,Whittlesea (C),27070,329,1217,2115,11,2018,7361,318,11351,27070,223322,Whittlesea (C),5082.795246325933
MELBOURNE,24600,Melbourne (C),24600,1372,2759,4028,69,2018,15254,3418,26900,24600,169961,Melbourne (C),15827.16034855055
MELBOURNE AIRPORT,23270,Hume (C),23270,548,2012,2439,21,2018,9605,673,15298,23270,224394,Hume (C),6817.47283795467
MELTON,24650,Melton (S),24650,213,870,1507,8,2018,4963,248,7809,24650,156713,Melton (C),4982.994391020528
MELTON SOUTH,24650,Melton (S),24650,213,870,1507,8,2018,4963,248,7809,24650,156713,Melton (C),4982.994391020528
MELTON WEST,24650,Melton (S),24650,213,870,1507,8,2018,4963,248,7809,24650,156713,Melton (C),4982.994391020528
MOORABBIN AIRPORT,23430,Kingston (C),23430,278,971,1091,21,2018,5195,396,7952,23430,163431,Kingston (C) (Vic.),4865.661961317009
WATERFORD PARK,24850,Mitchell (S),24850,173,466,678,6,2018,1510,209,3042,24850,44299,Mitchell (S),6866.972166414592
WATSONIA,20660,Banyule (C),20660,193,1467,882,11,2018,4543,276,7372,20660,130237,Banyule (C),5660.449795373051
HOMEWOOD,25620,Murrindindi (S),25620,41,49,116,3,2018,289,37,535,25620,14478,Murrindindi (S),3695.261776488465
PIPERS CREEK,24130,Macedon Ranges (S),24130,54,231,287,6,2018,869,79,1526,24130,49388,Macedon Ranges (S),3089.8193893253424
MAIDSTONE,24330,Maribyrnong (C),24330,200,491,777,12,2018,4738,364,6582,24330,91387,Maribyrnong (C),7202.33731274689
MIDDLE PARK,25900,Port Phillip (C),25900,428,680,1257,17,2018,6639,775,9796,25900,113200,Port Phillip (C),8653.710247349823
VIEWBANK,20660,Banyule (C),20660,193,1467,882,11,2018,4543,276,7372,20660,130237,Banyule (C),5660.449795373051
GARDENVALE,22310,Glen Eira (C),22310,150,335,700,9,2018,3738,299,5231,22310,153858,Glen Eira (C),3399.888208607937
GEELONG WEST,22750,Greater Geelong (C),22750,507,1874,2481,26,2018,11158,902,16948,22750,252217,Greater Geelong (C),6719.6104941379845
GREENHILL,24130,Macedon Ranges (S),24130,54,231,287,6,2018,869,79,1526,24130,49388,Macedon Ranges (S),3089.8193893253424
HUNTINGDALE,24970,Monash (C),24970,245,538,1036,18,2018,6124,323,8284,24970,200077,Monash (C),4140.40594371167
HEATH HILL,21450,Cardinia (S),21450,197,465,758,14,2018,2604,239,4277,21450,107120,Cardinia (S),3992.718446601942
HESKET,24130,Macedon Ranges (S),24130,54,231,287,6,2018,869,79,1526,24130,49388,Macedon Ranges (S),3089.8193893253424
JACANA,23270,Hume (C),23270,548,2012,2439,21,2018,9605,673,15298,23270,224394,Hume (C),6817.47283795467
KILLINGWORTH,25620,Murrindindi (S),25620,41,49,116,3,2018,289,37,535,25620,14478,Murrindindi (S),3695.261776488465
HAMPTON PARK,21610,Casey (C),21610,572,1637,3076,15,2018,8883,577,14760,21610,340419,Casey (C),4335.833193799406
GLEN IRIS,21110,Boroondara (C),21110,163,353,594,10,2018,4339,171,5630,21110,181289,Boroondara (C),3105.538670299908
MANIFOLD HEIGHTS,22750,Greater Geelong (C),22750,507,1874,2481,26,2018,11158,902,16948,22750,252217,Greater Geelong (C),6719.6104941379845
GLEN HUNTLY,22310,Glen Eira (C),22310,150,335,700,9,2018,3738,299,5231,22310,153858,Glen Eira (C),3399.888208607937
GLEN WAVERLEY,24970,Monash (C),24970,245,538,1036,18,2018,6124,323,8284,24970,200077,Monash (C),4140.40594371167
GLENAROUA,24850,Mitchell (S),24850,173,466,678,6,2018,1510,209,3042,24850,44299,Mitchell (S),6866.972166414592
GLENBURN,25620,Murrindindi (S),25620,41,49,116,3,2018,289,37,535,25620,14478,Murrindindi (S),3695.261776488465
GLENMORE,25150,Moorabool (S),25150,54,225,341,4,2018,1122,77,1823,25150,34158,Moorabool (S),5336.963522454476
BALACLAVA,25900,Port Phillip (C),25900,428,680,1257,17,2018,6639,775,9796,25900,113200,Port Phillip (C),8653.710247349823
GLENROY,25250,Moreland (C),25250,272,900,1430,16,2018,7913,455,10986,25250,181725,Moreland (C),6045.398266611638
GOLDIE,24130,Macedon Ranges (S),24130,54,231,287,6,2018,869,79,1526,24130,49388,Macedon Ranges (S),3089.8193893253424
HALLORA,20830,Baw Baw (S),20830,125,433,627,17,2018,1561,167,2930,20830,52015,Baw Baw (S),5632.990483514371
GOWANBRAE,25250,Moreland (C),25250,272,900,1430,16,2018,7913,455,10986,25250,181725,Moreland (C),6045.398266611638
GREENDALE,25150,Moorabool (S),25150,54,225,341,4,2018,1122,77,1823,25150,34158,Moorabool (S),5336.963522454476
GREENSBOROUGH,20660,Banyule (C),20660,193,1467,882,11,2018,4543,276,7372,20660,130237,Banyule (C),5660.449795373051
GREENVALE,23270,Hume (C),23270,548,2012,2439,21,2018,9605,673,15298,23270,224394,Hume (C),6817.47283795467
GROVEDALE,22750,Greater Geelong (C),22750,507,1874,2481,26,2018,11158,902,16948,22750,252217,Greater Geelong (C),6719.6104941379845
GRUYERE,27450,Yarra Ranges (S),27450,232,835,1088,22,2018,3030,302,5509,27450,158173,Yarra Ranges (S),3482.8953108305464
GUYS HILL,21450,Cardinia (S),21450,197,465,758,14,2018,2604,239,4277,21450,107120,Cardinia (S),3992.718446601942
HADFIELD,25250,Moreland (C),25250,272,900,1430,16,2018,7913,455,10986,25250,181725,Moreland (C),6045.398266611638
HALLAM,21610,Casey (C),21610,572,1637,3076,15,2018,8883,577,14760,21610,340419,Casey (C),4335.833193799406
HAMLYN HEIGHTS,22750,Greater Geelong (C),22750,507,1874,2481,26,2018,11158,902,16948,22750,252217,Greater Geelong (C),6719.6104941379845
HAMPTON,20910,Bayside (C),20910,112,279,466,12,2018,2785,198,3852,20910,105718,Bayside (C),3643.655763446149
HAMPTON EAST,20910,Bayside (C),20910,112,279,466,12,2018,2785,198,3852,20910,105718,Bayside (C),3643.655763446149
HARKAWAY,21610,Casey (C),21610,572,1637,3076,15,2018,8883,577,14760,21610,340419,Casey (C),4335.833193799406
BALLIANG,25150,Moorabool (S),25150,54,225,341,4,2018,1122,77,1823,25150,34158,Moorabool (S),5336.963522454476
HAWTHORN,21110,Boroondara (C),21110,163,353,594,10,2018,4339,171,5630,21110,181289,Boroondara (C),3105.538670299908
HAWTHORN EAST,21110,Boroondara (C),21110,163,353,594,10,2018,4339,171,5630,21110,181289,Boroondara (C),3105.538670299908
BALLIANG EAST,25150,Moorabool (S),25150,54,225,341,4,2018,1122,77,1823,25150,34158,Moorabool (S),5336.963522454476
HEALESVILLE,27450,Yarra Ranges (S),27450,232,835,1088,22,2018,3030,302,5509,27450,158173,Yarra Ranges (S),3482.8953108305464
HEATHCOTE JUNCTION,24850,Mitchell (S),24850,173,466,678,6,2018,1510,209,3042,24850,44299,Mitchell (S),6866.972166414592
HEATHERTON,23430,Kingston (C),23430,278,971,1091,21,2018,5195,396,7952,23430,163431,Kingston (C) (Vic.),4865.661961317009
HEATHMONT,24410,Maroondah (C),24410,177,1104,931,5,2018,3282,387,5886,24410,117498,Maroondah (C),5009.446969310116
HEIDELBERG,20660,Banyule (C),20660,193,1467,882,11,2018,4543,276,7372,20660,130237,Banyule (C),5660.449795373051
HEIDELBERG HEIGHTS,20660,Banyule (C),20660,193,1467,882,11,2018,4543,276,7372,20660,130237,Banyule (C),5660.449795373051
HEIDELBERG WEST,20660,Banyule (C),20660,193,1467,882,11,2018,4543,276,7372,20660,130237,Banyule (C),5660.449795373051
HIGH CAMP,24850,Mitchell (S),24850,173,466,678,6,2018,1510,209,3042,24850,44299,Mitchell (S),6866.972166414592
HIGHETT,20910,Bayside (C),20910,112,279,466,12,2018,2785,198,3852,20910,105718,Bayside (C),3643.655763446149
HODDLES CREEK,27450,Yarra Ranges (S),27450,232,835,1088,22,2018,3030,302,5509,27450,158173,Yarra Ranges (S),3482.8953108305464
HOPETOUN PARK,25150,Moorabool (S),25150,54,225,341,4,2018,1122,77,1823,25150,34158,Moorabool (S),5336.963522454476
HOPPERS CROSSING,27260,Wyndham (C),27260,368,1235,1949,12,2018,6741,511,10816,27260,255322,Wyndham (C),4236.219362217122
KOOYONG,26350,Stonnington (C),26350,411,519,856,16,2018,5638,578,8018,26350,116207,Stonnington (C),6899.756469059524
KORIELLA,25620,Murrindindi (S),25620,41,49,116,3,2018,289,37,535,25620,14478,Murrindindi (S),3695.261776488465
HUGHESDALE,24970,Monash (C),24970,245,538,1036,18,2018,6124,323,8284,24970,200077,Monash (C),4140.40594371167
HUMEVALE,27070,Whittlesea (C),27070,329,1217,2115,11,2018,7361,318,11351,27070,223322,Whittlesea (C),5082.795246325933
HURSTBRIDGE,25710,Nillumbik (S),25710,71,179,263,1,2018,1227,53,1794,25710,64941,Nillumbik (S),2762.507506813877
BALWYN,21110,Boroondara (C),21110,163,353,594,10,2018,4339,171,5630,21110,181289,Boroondara (C),3105.538670299908
INDENTED HEAD,22750,Greater Geelong (C),22750,507,1874,2481,26,2018,11158,902,16948,22750,252217,Greater Geelong (C),6719.6104941379845
JAM JERRUP,21450,Cardinia (S),21450,197,465,758,14,2018,2604,239,4277,21450,107120,Cardinia (S),3992.718446601942
INGLISTON,25150,Moorabool (S),25150,54,225,341,4,2018,1122,77,1823,25150,34158,Moorabool (S),5336.963522454476
BALWYN NORTH,21110,Boroondara (C),21110,163,353,594,10,2018,4339,171,5630,21110,181289,Boroondara (C),3105.538670299908
IONA,21450,Cardinia (S),21450,197,465,758,14,2018,2604,239,4277,21450,107120,Cardinia (S),3992.718446601942
IVANHOE,20660,Banyule (C),20660,193,1467,882,11,2018,4543,276,7372,20660,130237,Banyule (C),5660.449795373051
IVANHOE EAST,20660,Banyule (C),20660,193,1467,882,11,2018,4543,276,7372,20660,130237,Banyule (C),5660.449795373051
JINDIVICK,20830,Baw Baw (S),20830,125,433,627,17,2018,1561,167,2930,20830,52015,Baw Baw (S),5632.990483514371
JEETHO,26170,South Gippsland (S),26170,37,198,245,3,2018,481,47,1011,26170,29576,South Gippsland (S),3418.312144982418
JUMBUNNA,26170,South Gippsland (S),26170,37,198,245,3,2018,481,47,1011,26170,29576,South Gippsland (S),3418.312144982418
JUNCTION VILLAGE,21610,Casey (C),21610,572,1637,3076,15,2018,8883,577,14760,21610,340419,Casey (C),4335.833193799406
KALKALLO,23270,Hume (C),23270,548,2012,2439,21,2018,9605,673,15298,23270,224394,Hume (C),6817.47283795467
KALLISTA,27450,Yarra Ranges (S),27450,232,835,1088,22,2018,3030,302,5509,27450,158173,Yarra Ranges (S),3482.8953108305464
KALORAMA,27450,Yarra Ranges (S),27450,232,835,1088,22,2018,3030,302,5509,27450,158173,Yarra Ranges (S),3482.8953108305464
KANGAROO GROUND,25710,Nillumbik (S),25710,71,179,263,1,2018,1227,53,1794,25710,64941,Nillumbik (S),2762.507506813877
BANGHOLME,22670,Greater Dandenong (C),22670,716,1861,2465,26,2018,7422,1136,13626,22670,166094,Greater Dandenong (C),8203.788216311244
KARDELLA,26170,South Gippsland (S),26170,37,198,245,3,2018,481,47,1011,26170,29576,South Gippsland (S),3418.312144982418
KARDELLA SOUTH,26170,South Gippsland (S),26170,37,198,245,3,2018,481,47,1011,26170,29576,South Gippsland (S),3418.312144982418
KEALBA,21180,Brimbank (C),21180,597,1681,2412,23,2018,8153,684,13550,21180,208714,Brimbank (C),6492.137566238967
KEILOR,21180,Brimbank (C),21180,597,1681,2412,23,2018,8153,684,13550,21180,208714,Brimbank (C),6492.137566238967
KEILOR DOWNS,21180,Brimbank (C),21180,597,1681,2412,23,2018,8153,684,13550,21180,208714,Brimbank (C),6492.137566238967
KEILOR EAST,25060,Moonee Valley (C),25060,223,661,845,13,2018,4586,370,6698,25060,127883,Moonee Valley (C),5237.599993744282
KEILOR LODGE,21180,Brimbank (C),21180,597,1681,2412,23,2018,8153,684,13550,21180,208714,Brimbank (C),6492.137566238967
KEILOR NORTH,21180,Brimbank (C),21180,597,1681,2412,23,2018,8153,684,13550,21180,208714,Brimbank (C),6492.137566238967
KEILOR PARK,21180,Brimbank (C),21180,597,1681,2412,23,2018,8153,684,13550,21180,208714,Brimbank (C),6492.137566238967
KURUNJANG,24650,Melton (S),24650,213,870,1507,8,2018,4963,248,7809,24650,156713,Melton (C),4982.994391020528
KENSINGTON,24600,Melbourne (C),24600,1372,2759,4028,69,2018,15254,3418,26900,24600,169961,Melbourne (C),15827.16034855055
KERRIE,24130,Macedon Ranges (S),24130,54,231,287,6,2018,869,79,1526,24130,49388,Macedon Ranges (S),3089.8193893253424
KERRISDALE,25620,Murrindindi (S),25620,41,49,116,3,2018,289,37,535,25620,14478,Murrindindi (S),3695.261776488465
KEW,21110,Boroondara (C),21110,163,353,594,10,2018,4339,171,5630,21110,181289,Boroondara (C),3105.538670299908
KEW EAST,21110,Boroondara (C),21110,163,353,594,10,2018,4339,171,5630,21110,181289,Boroondara (C),3105.538670299908
KEYSBOROUGH,22670,Greater Dandenong (C),22670,716,1861,2465,26,2018,7422,1136,13626,22670,166094,Greater Dandenong (C),8203.788216311244
KILMORE,24850,Mitchell (S),24850,173,466,678,6,2018,1510,209,3042,24850,44299,Mitchell (S),6866.972166414592
KILMORE EAST,24850,Mitchell (S),24850,173,466,678,6,2018,1510,209,3042,24850,44299,Mitchell (S),6866.972166414592
KILSYTH,27450,Yarra Ranges (S),27450,232,835,1088,22,2018,3030,302,5509,27450,158173,Yarra Ranges (S),3482.8953108305464
KILSYTH SOUTH,24410,Maroondah (C),24410,177,1104,931,5,2018,3282,387,5886,24410,117498,Maroondah (C),5009.446969310116
KINGLAKE,25620,Murrindindi (S),25620,41,49,116,3,2018,289,37,535,25620,14478,Murrindindi (S),3695.261776488465
KINGLAKE CENTRAL,25620,Murrindindi (S),25620,41,49,116,3,2018,289,37,535,25620,14478,Murrindindi (S),3695.261776488465
KINGLAKE WEST,25620,Murrindindi (S),25620,41,49,116,3,2018,289,37,535,25620,14478,Murrindindi (S),3695.261776488465
KINGS PARK,21180,Brimbank (C),21180,597,1681,2412,23,2018,8153,684,13550,21180,208714,Brimbank (C),6492.137566238967
KINGSBURY,21890,Darebin (C),21890,254,1005,1231,14,2018,8538,382,11424,21890,161609,Darebin (C),7068.9132412180015
KNOXFIELD,23670,Knox (C),23670,519,982,1198,15,2018,5329,471,8514,23670,163203,Knox (C),5216.815867355379
KINGSVILLE,24330,Maribyrnong (C),24330,200,491,777,12,2018,4738,364,6582,24330,91387,Maribyrnong (C),7202.33731274689
KONGWAK,26170,South Gippsland (S),26170,37,198,245,3,2018,481,47,1011,26170,29576,South Gippsland (S),3418.312144982418
KOO WEE RUP,21450,Cardinia (S),21450,197,465,758,14,2018,2604,239,4277,21450,107120,Cardinia (S),3992.718446601942
KOO WEE RUP NORTH,21450,Cardinia (S),21450,197,465,758,14,2018,2604,239,4277,21450,107120,Cardinia (S),3992.718446601942
KOROBEIT,25150,Moorabool (S),25150,54,225,341,4,2018,1122,77,1823,25150,34158,Moorabool (S),5336.963522454476
KORUMBURRA,26170,South Gippsland (S),26170,37,198,245,3,2018,481,47,1011,26170,29576,South Gippsland (S),3418.312144982418
KORUMBURRA SOUTH,26170,South Gippsland (S),26170,37,198,245,3,2018,481,47,1011,26170,29576,South Gippsland (S),3418.312144982418
KROWERA,26170,South Gippsland (S),26170,37,198,245,3,2018,481,47,1011,26170,29576,South Gippsland (S),3418.312144982418
AIRPORT WEST,25060,Moonee Valley (C),25060,223,661,845,13,2018,4586,370,6698,25060,127883,Moonee Valley (C),5237.599993744282
KYNETON,24130,Macedon Ranges (S),24130,54,231,287,6,2018,869,79,1526,24130,49388,Macedon Ranges (S),3089.8193893253424
MILL PARK,27070,Whittlesea (C),27070,329,1217,2115,11,2018,7361,318,11351,27070,223322,Whittlesea (C),5082.795246325933
KYNETON SOUTH,24130,Macedon Ranges (S),24130,54,231,287,6,2018,869,79,1526,24130,49388,Macedon Ranges (S),3089.8193893253424
LABERTOUCHE,20830,Baw Baw (S),20830,125,433,627,17,2018,1561,167,2930,20830,52015,Baw Baw (S),5632.990483514371
LAKE EILDON,24250,Mansfield (S),24250,17,37,73,8,2018,271,47,453,24250,8979,Mansfield (S),5045.105245573004
LALOR,27070,Whittlesea (C),27070,329,1217,2115,11,2018,7361,318,11351,27070,223322,Whittlesea (C),5082.795246325933
LANCEFIELD,24130,Macedon Ranges (S),24130,54,231,287,6,2018,869,79,1526,24130,49388,Macedon Ranges (S),3089.8193893253424
LANGWARRIN,22170,Frankston (C),22170,516,2004,1606,14,2018,5771,816,10727,22170,141845,Frankston (C),7562.480172018753
LANGWARRIN SOUTH,22170,Frankston (C),22170,516,2004,1606,14,2018,5771,816,10727,22170,141845,Frankston (C),7562.480172018753
LANG LANG,21450,Cardinia (S),21450,197,465,758,14,2018,2604,239,4277,21450,107120,Cardinia (S),3992.718446601942
LANG LANG EAST,21450,Cardinia (S),21450,197,465,758,14,2018,2604,239,4277,21450,107120,Cardinia (S),3992.718446601942
LANGLEY,25430,Mount Alexander (S),25430,36,139,113,3,2018,396,49,736,25430,19514,Mount Alexander (S),3771.6511222711897
LARA,22750,Greater Geelong (C),22750,507,1874,2481,26,2018,11158,902,16948,22750,252217,Greater Geelong (C),6719.6104941379845
LARDNER,20830,Baw Baw (S),20830,125,433,627,17,2018,1561,167,2930,20830,52015,Baw Baw (S),5632.990483514371
LAUNCHING PLACE,27450,Yarra Ranges (S),27450,232,835,1088,22,2018,3030,302,5509,27450,158173,Yarra Ranges (S),3482.8953108305464
LAURISTON,24130,Macedon Ranges (S),24130,54,231,287,6,2018,869,79,1526,24130,49388,Macedon Ranges (S),3089.8193893253424
LAVERTON,23110,Hobsons Bay (C),23110,117,456,754,21,2018,3218,261,4827,23110,96470,Hobsons Bay (C),5003.628070902872
LAVERTON NORTH,27260,Wyndham (C),27260,368,1235,1949,12,2018,6741,511,10816,27260,255322,Wyndham (C),4236.219362217122
LEONGATHA SOUTH,26170,South Gippsland (S),26170,37,198,245,3,2018,481,47,1011,26170,29576,South Gippsland (S),3418.312144982418
LEOPOLD,22750,Greater Geelong (C),22750,507,1874,2481,26,2018,11158,902,16948,22750,252217,Greater Geelong (C),6719.6104941379845
LERDERDERG,25150,Moorabool (S),25150,54,225,341,4,2018,1122,77,1823,25150,34158,Moorabool (S),5336.963522454476
LILYDALE,27450,Yarra Ranges (S),27450,232,835,1088,22,2018,3030,302,5509,27450,158173,Yarra Ranges (S),3482.8953108305464
LIMESTONE,25620,Murrindindi (S),25620,41,49,116,3,2018,289,37,535,25620,14478,Murrindindi (S),3695.261776488465
LITTLE RIVER,22750,Greater Geelong (C),22750,507,1874,2481,26,2018,11158,902,16948,22750,252217,Greater Geelong (C),6719.6104941379845
LOCH,26170,South Gippsland (S),26170,37,198,245,3,2018,481,47,1011,26170,29576,South Gippsland (S),3418.312144982418
LONG FOREST,25150,Moorabool (S),25150,54,225,341,4,2018,1122,77,1823,25150,34158,Moorabool (S),5336.963522454476
LONGWARRY,20830,Baw Baw (S),20830,125,433,627,17,2018,1561,167,2930,20830,52015,Baw Baw (S),5632.990483514371
LOVELY BANKS,22750,Greater Geelong (C),22750,507,1874,2481,26,2018,11158,902,16948,22750,252217,Greater Geelong (C),6719.6104941379845
LOWER PLENTY,20660,Banyule (C),20660,193,1467,882,11,2018,4543,276,7372,20660,130237,Banyule (C),5660.449795373051
LONGWARRY NORTH,20830,Baw Baw (S),20830,125,433,627,17,2018,1561,167,2930,20830,52015,Baw Baw (S),5632.990483514371
BARRYS REEF,25150,Moorabool (S),25150,54,225,341,4,2018,1122,77,1823,25150,34158,Moorabool (S),5336.963522454476
LYNDHURST,22670,Greater Dandenong (C),22670,716,1861,2465,26,2018,7422,1136,13626,22670,166094,Greater Dandenong (C),8203.788216311244
LYNBROOK,21610,Casey (C),21610,572,1637,3076,15,2018,8883,577,14760,21610,340419,Casey (C),4335.833193799406
LYSTERFIELD,27450,Yarra Ranges (S),27450,232,835,1088,22,2018,3030,302,5509,27450,158173,Yarra Ranges (S),3482.8953108305464
LYSTERFIELD SOUTH,21610,Casey (C),21610,572,1637,3076,15,2018,8883,577,14760,21610,340419,Casey (C),4335.833193799406
MACCLESFIELD,27450,Yarra Ranges (S),27450,232,835,1088,22,2018,3030,302,5509,27450,158173,Yarra Ranges (S),3482.8953108305464
MACEDON,24130,Macedon Ranges (S),24130,54,231,287,6,2018,869,79,1526,24130,49388,Macedon Ranges (S),3089.8193893253424
MACLEOD,20660,Banyule (C),20660,193,1467,882,11,2018,4543,276,7372,20660,130237,Banyule (C),5660.449795373051
MADDINGLEY,25150,Moorabool (S),25150,54,225,341,4,2018,1122,77,1823,25150,34158,Moorabool (S),5336.963522454476
MARSHALL,22750,Greater Geelong (C),22750,507,1874,2481,26,2018,11158,902,16948,22750,252217,Greater Geelong (C),6719.6104941379845
BARWON HEADS,22750,Greater Geelong (C),22750,507,1874,2481,26,2018,11158,902,16948,22750,252217,Greater Geelong (C),6719.6104941379845
MALMSBURY,24130,Macedon Ranges (S),24130,54,231,287,6,2018,869,79,1526,24130,49388,Macedon Ranges (S),3089.8193893253424
MALVERN,26350,Stonnington (C),26350,411,519,856,16,2018,5638,578,8018,26350,116207,Stonnington (C),6899.756469059524
MALVERN EAST,26350,Stonnington (C),26350,411,519,856,16,2018,5638,578,8018,26350,116207,Stonnington (C),6899.756469059524
MAMBOURIN,27260,Wyndham (C),27260,368,1235,1949,12,2018,6741,511,10816,27260,255322,Wyndham (C),4236.219362217122
MANNERIM,22750,Greater Geelong (C),22750,507,1874,2481,26,2018,11158,902,16948,22750,252217,Greater Geelong (C),6719.6104941379845
MARCUS HILL,22750,Greater Geelong (C),22750,507,1874,2481,26,2018,11158,902,16948,22750,252217,Greater Geelong (C),6719.6104941379845
MARIBYRNONG,24330,Maribyrnong (C),24330,200,491,777,12,2018,4738,364,6582,24330,91387,Maribyrnong (C),7202.33731274689
MARYKNOLL,21450,Cardinia (S),21450,197,465,758,14,2018,2604,239,4277,21450,107120,Cardinia (S),3992.718446601942
MARYSVILLE,25620,Murrindindi (S),25620,41,49,116,3,2018,289,37,535,25620,14478,Murrindindi (S),3695.261776488465
ALBANVALE,21180,Brimbank (C),21180,597,1681,2412,23,2018,8153,684,13550,21180,208714,Brimbank (C),6492.137566238967
MCKINNON,22310,Glen Eira (C),22310,150,335,700,9,2018,3738,299,5231,22310,153858,Glen Eira (C),3399.888208607937
MCMAHONS CREEK,27450,Yarra Ranges (S),27450,232,835,1088,22,2018,3030,302,5509,27450,158173,Yarra Ranges (S),3482.8953108305464
MEADOW HEIGHTS,23270,Hume (C),23270,548,2012,2439,21,2018,9605,673,15298,23270,224394,Hume (C),6817.47283795467
MENTONE,23430,Kingston (C),23430,278,971,1091,21,2018,5195,396,7952,23430,163431,Kingston (C) (Vic.),4865.661961317009
MENZIES CREEK,27450,Yarra Ranges (S),27450,232,835,1088,22,2018,3030,302,5509,27450,158173,Yarra Ranges (S),3482.8953108305464
MERNDA,27070,Whittlesea (C),27070,329,1217,2115,11,2018,7361,318,11351,27070,223322,Whittlesea (C),5082.795246325933
MERRIMU,25150,Moorabool (S),25150,54,225,341,4,2018,1122,77,1823,25150,34158,Moorabool (S),5336.963522454476
MICKLEHAM,23270,Hume (C),23270,548,2012,2439,21,2018,9605,673,15298,23270,224394,Hume (C),6817.47283795467
MILLGROVE,27450,Yarra Ranges (S),27450,232,835,1088,22,2018,3030,302,5509,27450,158173,Yarra Ranges (S),3482.8953108305464
BAXTER,22170,Frankston (C),22170,516,2004,1606,14,2018,5771,816,10727,22170,141845,Frankston (C),7562.480172018753
MODELLA,20830,Baw Baw (S),20830,125,433,627,17,2018,1561,167,2930,20830,52015,Baw Baw (S),5632.990483514371
ALBERT PARK,25900,Port Phillip (C),25900,428,680,1257,17,2018,6639,775,9796,25900,113200,Port Phillip (C),8653.710247349823
BAYLES,21450,Cardinia (S),21450,197,465,758,14,2018,2604,239,4277,21450,107120,Cardinia (S),3992.718446601942
MITCHAM,26980,Whitehorse (C),26980,174,516,850,13,2018,4712,229,6494,26980,176196,Whitehorse (C),3685.6682331040433
BAYNTON,24130,Macedon Ranges (S),24130,54,231,287,6,2018,869,79,1526,24130,49388,Macedon Ranges (S),3089.8193893253424
MONBULK,27450,Yarra Ranges (S),27450,232,835,1088,22,2018,3030,302,5509,27450,158173,Yarra Ranges (S),3482.8953108305464
MOOROOLBARK,27450,Yarra Ranges (S),27450,232,835,1088,22,2018,3030,302,5509,27450,158173,Yarra Ranges (S),3482.8953108305464
BEACONSFIELD,21450,Cardinia (S),21450,197,465,758,14,2018,2604,239,4277,21450,107120,Cardinia (S),3992.718446601942
MONEGEETTA,24130,Macedon Ranges (S),24130,54,231,287,6,2018,869,79,1526,24130,49388,Macedon Ranges (S),3089.8193893253424
MONTMORENCY,20660,Banyule (C),20660,193,1467,882,11,2018,4543,276,7372,20660,130237,Banyule (C),5660.449795373051
BAYSWATER,23670,Knox (C),23670,519,982,1198,15,2018,5329,471,8514,23670,163203,Knox (C),5216.815867355379
MONOMEITH,21450,Cardinia (S),21450,197,465,758,14,2018,2604,239,4277,21450,107120,Cardinia (S),3992.718446601942
MONT ALBERT,26980,Whitehorse (C),26980,174,516,850,13,2018,4712,229,6494,26980,176196,Whitehorse (C),3685.6682331040433
MONT ALBERT NORTH,26980,Whitehorse (C),26980,174,516,850,13,2018,4712,229,6494,26980,176196,Whitehorse (C),3685.6682331040433
BAYSWATER NORTH,24410,Maroondah (C),24410,177,1104,931,5,2018,3282,387,5886,24410,117498,Maroondah (C),5009.446969310116
MONTROSE,27450,Yarra Ranges (S),27450,232,835,1088,22,2018,3030,302,5509,27450,158173,Yarra Ranges (S),3482.8953108305464
MOOLAP,22750,Greater Geelong (C),22750,507,1874,2481,26,2018,11158,902,16948,22750,252217,Greater Geelong (C),6719.6104941379845
MOONEE PONDS,25060,Moonee Valley (C),25060,223,661,845,13,2018,4586,370,6698,25060,127883,Moonee Valley (C),5237.599993744282
MOUNT DUNEED,26490,Surf Coast (S),26490,26,50,135,4,2018,680,53,948,26490,32251,Surf Coast (S),2939.443738178661
BEACONSFIELD UPPER,21450,Cardinia (S),21450,197,465,758,14,2018,2604,239,4277,21450,107120,Cardinia (S),3992.718446601942
MOUNT BURNETT,21450,Cardinia (S),21450,197,465,758,14,2018,2604,239,4277,21450,107120,Cardinia (S),3992.718446601942
MOUNT COTTRELL,24650,Melton (S),24650,213,870,1507,8,2018,4963,248,7809,24650,156713,Melton (C),4982.994391020528
MOUNT DANDENONG,27450,Yarra Ranges (S),27450,232,835,1088,22,2018,3030,302,5509,27450,158173,Yarra Ranges (S),3482.8953108305464
MOUNT EVELYN,27450,Yarra Ranges (S),27450,232,835,1088,22,2018,3030,302,5509,27450,158173,Yarra Ranges (S),3482.8953108305464
MOUNT ELIZA,22170,Frankston (C),22170,516,2004,1606,14,2018,5771,816,10727,22170,141845,Frankston (C),7562.480172018753
MOYARRA,26170,South Gippsland (S),26170,37,198,245,3,2018,481,47,1011,26170,29576,South Gippsland (S),3418.312144982418
MOUNT MACEDON,24130,Macedon Ranges (S),24130,54,231,287,6,2018,869,79,1526,24130,49388,Macedon Ranges (S),3089.8193893253424
MOUNT TOOLEBEWONG,27450,Yarra Ranges (S),27450,232,835,1088,22,2018,3030,302,5509,27450,158173,Yarra Ranges (S),3482.8953108305464
MOUNT WAVERLEY,24970,Monash (C),24970,245,538,1036,18,2018,6124,323,8284,24970,200077,Monash (C),4140.40594371167
MOUNTAIN VIEW,20830,Baw Baw (S),20830,125,433,627,17,2018,1561,167,2930,20830,52015,Baw Baw (S),5632.990483514371
BEAUMARIS,20910,Bayside (C),20910,112,279,466,12,2018,2785,198,3852,20910,105718,Bayside (C),3643.655763446149
MURRINDINDI,25620,Murrindindi (S),25620,41,49,116,3,2018,289,37,535,25620,14478,Murrindindi (S),3695.261776488465
MULGRAVE,24970,Monash (C),24970,245,538,1036,18,2018,6124,323,8284,24970,200077,Monash (C),4140.40594371167
MURRUMBEENA,22310,Glen Eira (C),22310,150,335,700,9,2018,3738,299,5231,22310,153858,Glen Eira (C),3399.888208607937
MYRNIONG,25150,Moorabool (S),25150,54,225,341,4,2018,1122,77,1823,25150,34158,Moorabool (S),5336.963522454476
NANGANA,21450,Cardinia (S),21450,197,465,758,14,2018,2604,239,4277,21450,107120,Cardinia (S),3992.718446601942
BEENAK,27450,Yarra Ranges (S),27450,232,835,1088,22,2018,3030,302,5509,27450,158173,Yarra Ranges (S),3482.8953108305464
NAR NAR GOON,21450,Cardinia (S),21450,197,465,758,14,2018,2604,239,4277,21450,107120,Cardinia (S),3992.718446601942
NORLANE,22750,Greater Geelong (C),22750,507,1874,2481,26,2018,11158,902,16948,22750,252217,Greater Geelong (C),6719.6104941379845
NAR NAR GOON NORTH,21450,Cardinia (S),21450,197,465,758,14,2018,2604,239,4277,21450,107120,Cardinia (S),3992.718446601942
NARBETHONG,25620,Murrindindi (S),25620,41,49,116,3,2018,289,37,535,25620,14478,Murrindindi (S),3695.261776488465
BELGRAVE,27450,Yarra Ranges (S),27450,232,835,1088,22,2018,3030,302,5509,27450,158173,Yarra Ranges (S),3482.8953108305464
NARRE WARREN,21610,Casey (C),21610,572,1637,3076,15,2018,8883,577,14760,21610,340419,Casey (C),4335.833193799406
NOTTING HILL,24970,Monash (C),24970,245,538,1036,18,2018,6124,323,8284,24970,200077,Monash (C),4140.40594371167
BELGRAVE HEIGHTS,27450,Yarra Ranges (S),27450,232,835,1088,22,2018,3030,302,5509,27450,158173,Yarra Ranges (S),3482.8953108305464
NARRE WARREN EAST,27450,Yarra Ranges (S),27450,232,835,1088,22,2018,3030,302,5509,27450,158173,Yarra Ranges (S),3482.8953108305464
NARRE WARREN NORTH,21610,Casey (C),21610,572,1637,3076,15,2018,8883,577,14760,21610,340419,Casey (C),4335.833193799406
NARRE WARREN SOUTH,21610,Casey (C),21610,572,1637,3076,15,2018,8883,577,14760,21610,340419,Casey (C),4335.833193799406
BELGRAVE SOUTH,27450,Yarra Ranges (S),27450,232,835,1088,22,2018,3030,302,5509,27450,158173,Yarra Ranges (S),3482.8953108305464
BELL PARK,22750,Greater Geelong (C),22750,507,1874,2481,26,2018,11158,902,16948,22750,252217,Greater Geelong (C),6719.6104941379845
NEW GISBORNE,24130,Macedon Ranges (S),24130,54,231,287,6,2018,869,79,1526,24130,49388,Macedon Ranges (S),3089.8193893253424
BELL POST HILL,22750,Greater Geelong (C),22750,507,1874,2481,26,2018,11158,902,16948,22750,252217,Greater Geelong (C),6719.6104941379845
NEWCOMB,22750,Greater Geelong (C),22750,507,1874,2481,26,2018,11158,902,16948,22750,252217,Greater Geelong (C),6719.6104941379845
NEWHAM,24130,Macedon Ranges (S),24130,54,231,287,6,2018,869,79,1526,24130,49388,Macedon Ranges (S),3089.8193893253424
BELLARINE,22750,Greater Geelong (C),22750,507,1874,2481,26,2018,11158,902,16948,22750,252217,Greater Geelong (C),6719.6104941379845
NEWPORT,23110,Hobsons Bay (C),23110,117,456,754,21,2018,3218,261,4827,23110,96470,Hobsons Bay (C),5003.628070902872
NIDDRIE,25060,Moonee Valley (C),25060,223,661,845,13,2018,4586,370,6698,25060,127883,Moonee Valley (C),5237.599993744282
NOBLE PARK,22670,Greater Dandenong (C),22670,716,1861,2465,26,2018,7422,1136,13626,22670,166094,Greater Dandenong (C),8203.788216311244
NOBLE PARK NORTH,22670,Greater Dandenong (C),22670,716,1861,2465,26,2018,7422,1136,13626,22670,166094,Greater Dandenong (C),8203.788216311244
NORTH BLACKWOOD,22910,Hepburn (S),22910,16,83,126,0,2018,396,18,639,22910,15812,Hepburn (S),4041.234505438907
NORTH GEELONG,22750,Greater Geelong (C),22750,507,1874,2481,26,2018,11158,902,16948,22750,252217,Greater Geelong (C),6719.6104941379845
NORTH MELBOURNE,24600,Melbourne (C),24600,1372,2759,4028,69,2018,15254,3418,26900,24600,169961,Melbourne (C),15827.16034855055
NORTH SHORE,22750,Greater Geelong (C),22750,507,1874,2481,26,2018,11158,902,16948,22750,252217,Greater Geelong (C),6719.6104941379845
NORTH WARRANDYTE,25710,Nillumbik (S),25710,71,179,263,1,2018,1227,53,1794,25710,64941,Nillumbik (S),2762.507506813877
NORTHCOTE,21890,Darebin (C),21890,254,1005,1231,14,2018,8538,382,11424,21890,161609,Darebin (C),7068.9132412180015
RANCEBY,26170,South Gippsland (S),26170,37,198,245,3,2018,481,47,1011,26170,29576,South Gippsland (S),3418.312144982418
NULLA VALE,24850,Mitchell (S),24850,173,466,678,6,2018,1510,209,3042,24850,44299,Mitchell (S),6866.972166414592
NUNAWADING,26980,Whitehorse (C),26980,174,516,850,13,2018,4712,229,6494,26980,176196,Whitehorse (C),3685.6682331040433
OAKLEIGH,24970,Monash (C),24970,245,538,1036,18,2018,6124,323,8284,24970,200077,Monash (C),4140.40594371167
OAKLEIGH EAST,24970,Monash (C),24970,245,538,1036,18,2018,6124,323,8284,24970,200077,Monash (C),4140.40594371167
OAKLEIGH SOUTH,24970,Monash (C),24970,245,538,1036,18,2018,6124,323,8284,24970,200077,Monash (C),4140.40594371167
NUTFIELD,25710,Nillumbik (S),25710,71,179,263,1,2018,1227,53,1794,25710,64941,Nillumbik (S),2762.507506813877
ABBOTSFORD,27350,Yarra (C),27350,390,786,1281,10,2018,7372,771,10610,27350,98521,Yarra (C),10769.277615939747
ALBION,21180,Brimbank (C),21180,597,1681,2412,23,2018,8153,684,13550,21180,208714,Brimbank (C),6492.137566238967
NYORA,26170,South Gippsland (S),26170,37,198,245,3,2018,481,47,1011,26170,29576,South Gippsland (S),3418.312144982418
OAK PARK,25250,Moreland (C),25250,272,900,1430,16,2018,7913,455,10986,25250,181725,Moreland (C),6045.398266611638
OAKLANDS JUNCTION,23270,Hume (C),23270,548,2012,2439,21,2018,9605,673,15298,23270,224394,Hume (C),6817.47283795467
ORMOND,22310,Glen Eira (C),22310,150,335,700,9,2018,3738,299,5231,22310,153858,Glen Eira (C),3399.888208607937
DARLEY,25150,Moorabool (S),25150,54,225,341,4,2018,1122,77,1823,25150,34158,Moorabool (S),5336.963522454476
OUTTRIM,26170,South Gippsland (S),26170,37,198,245,3,2018,481,47,1011,26170,29576,South Gippsland (S),3418.312144982418
OCEAN GROVE,22750,Greater Geelong (C),22750,507,1874,2481,26,2018,11158,902,16948,22750,252217,Greater Geelong (C),6719.6104941379845
OFFICER,21450,Cardinia (S),21450,197,465,758,14,2018,2604,239,4277,21450,107120,Cardinia (S),3992.718446601942
OFFICER SOUTH,21450,Cardinia (S),21450,197,465,758,14,2018,2604,239,4277,21450,107120,Cardinia (S),3992.718446601942
OLINDA,27450,Yarra Ranges (S),27450,232,835,1088,22,2018,3030,302,5509,27450,158173,Yarra Ranges (S),3482.8953108305464
BELMONT,22750,Greater Geelong (C),22750,507,1874,2481,26,2018,11158,902,16948,22750,252217,Greater Geelong (C),6719.6104941379845
PANTON HILL,25710,Nillumbik (S),25710,71,179,263,1,2018,1227,53,1794,25710,64941,Nillumbik (S),2762.507506813877
PAKENHAM,21450,Cardinia (S),21450,197,465,758,14,2018,2604,239,4277,21450,107120,Cardinia (S),3992.718446601942
PAKENHAM SOUTH,21450,Cardinia (S),21450,197,465,758,14,2018,2604,239,4277,21450,107120,Cardinia (S),3992.718446601942
PAKENHAM UPPER,21450,Cardinia (S),21450,197,465,758,14,2018,2604,239,4277,21450,107120,Cardinia (S),3992.718446601942
BENA,26170,South Gippsland (S),26170,37,198,245,3,2018,481,47,1011,26170,29576,South Gippsland (S),3418.312144982418
PARKVILLE,24600,Melbourne (C),24600,1372,2759,4028,69,2018,15254,3418,26900,24600,169961,Melbourne (C),15827.16034855055
PARK ORCHARDS,24210,Manningham (C),24210,117,278,498,1,2018,2680,96,3670,24210,125508,Manningham (C),2924.116390987029
PARKDALE,23430,Kingston (C),23430,278,971,1091,21,2018,5195,396,7952,23430,163431,Kingston (C) (Vic.),4865.661961317009
PARWAN,25150,Moorabool (S),25150,54,225,341,4,2018,1122,77,1823,25150,34158,Moorabool (S),5336.963522454476
PASCOE VALE,25250,Moreland (C),25250,272,900,1430,16,2018,7913,455,10986,25250,181725,Moreland (C),6045.398266611638
PASCOE VALE SOUTH,25250,Moreland (C),25250,272,900,1430,16,2018,7913,455,10986,25250,181725,Moreland (C),6045.398266611638
PASTORIA,24130,Macedon Ranges (S),24130,54,231,287,6,2018,869,79,1526,24130,49388,Macedon Ranges (S),3089.8193893253424
PASTORIA EAST,24130,Macedon Ranges (S),24130,54,231,287,6,2018,869,79,1526,24130,49388,Macedon Ranges (S),3089.8193893253424
PATTERSON LAKES,23430,Kingston (C),23430,278,971,1091,21,2018,5195,396,7952,23430,163431,Kingston (C) (Vic.),4865.661961317009
PEARCEDALE,21610,Casey (C),21610,572,1637,3076,15,2018,8883,577,14760,21610,340419,Casey (C),4335.833193799406
PENTLAND HILLS,25150,Moorabool (S),25150,54,225,341,4,2018,1122,77,1823,25150,34158,Moorabool (S),5336.963522454476
PHEASANT CREEK,25620,Murrindindi (S),25620,41,49,116,3,2018,289,37,535,25620,14478,Murrindindi (S),3695.261776488465
BEND OF ISLANDS,25710,Nillumbik (S),25710,71,179,263,1,2018,1227,53,1794,25710,64941,Nillumbik (S),2762.507506813877
PLENTY,25710,Nillumbik (S),25710,71,179,263,1,2018,1227,53,1794,25710,64941,Nillumbik (S),2762.507506813877
PLUMPTON,24650,Melton (S),24650,213,870,1507,8,2018,4963,248,7809,24650,156713,Melton (C),4982.994391020528
POINT COOK,27260,Wyndham (C),27260,368,1235,1949,12,2018,6741,511,10816,27260,255322,Wyndham (C),4236.219362217122
POINT LONSDALE,22750,Greater Geelong (C),22750,507,1874,2481,26,2018,11158,902,16948,22750,252217,Greater Geelong (C),6719.6104941379845
POINT WILSON,22750,Greater Geelong (C),22750,507,1874,2481,26,2018,11158,902,16948,22750,252217,Greater Geelong (C),6719.6104941379845
POOWONG,26170,South Gippsland (S),26170,37,198,245,3,2018,481,47,1011,26170,29576,South Gippsland (S),3418.312144982418
POOWONG EAST,26170,South Gippsland (S),26170,37,198,245,3,2018,481,47,1011,26170,29576,South Gippsland (S),3418.312144982418
POOWONG NORTH,26170,South Gippsland (S),26170,37,198,245,3,2018,481,47,1011,26170,29576,South Gippsland (S),3418.312144982418
ALEXANDRA,25620,Murrindindi (S),25620,41,49,116,3,2018,289,37,535,25620,14478,Murrindindi (S),3695.261776488465
PORTARLINGTON,22750,Greater Geelong (C),22750,507,1874,2481,26,2018,11158,902,16948,22750,252217,Greater Geelong (C),6719.6104941379845
PORT MELBOURNE,24600,Melbourne (C),24600,1372,2759,4028,69,2018,15254,3418,26900,24600,169961,Melbourne (C),15827.16034855055
QUANDONG,27260,Wyndham (C),27260,368,1235,1949,12,2018,6741,511,10816,27260,255322,Wyndham (C),4236.219362217122
POWELLTOWN,27450,Yarra Ranges (S),27450,232,835,1088,22,2018,3030,302,5509,27450,158173,Yarra Ranges (S),3482.8953108305464
PRAHRAN,26350,Stonnington (C),26350,411,519,856,16,2018,5638,578,8018,26350,116207,Stonnington (C),6899.756469059524
PRESTON,21890,Darebin (C),21890,254,1005,1231,14,2018,8538,382,11424,21890,161609,Darebin (C),7068.9132412180015
PRINCES HILL,27350,Yarra (C),27350,390,786,1281,10,2018,7372,771,10610,27350,98521,Yarra (C),10769.277615939747
BENLOCH,24130,Macedon Ranges (S),24130,54,231,287,6,2018,869,79,1526,24130,49388,Macedon Ranges (S),3089.8193893253424
QUEENSCLIFF,22750,Greater Geelong (C),22750,507,1874,2481,26,2018,11158,902,16948,22750,252217,Greater Geelong (C),6719.6104941379845
RAVENHALL,24650,Melton (S),24650,213,870,1507,8,2018,4963,248,7809,24650,156713,Melton (C),4982.994391020528
BENTLEIGH,22310,Glen Eira (C),22310,150,335,700,9,2018,3738,299,5231,22310,153858,Glen Eira (C),3399.888208607937
BENTLEIGH EAST,22310,Glen Eira (C),22310,150,335,700,9,2018,3738,299,5231,22310,153858,Glen Eira (C),3399.888208607937
REEFTON,27450,Yarra Ranges (S),27450,232,835,1088,22,2018,3030,302,5509,27450,158173,Yarra Ranges (S),3482.8953108305464
RINGWOOD,24410,Maroondah (C),24410,177,1104,931,5,2018,3282,387,5886,24410,117498,Maroondah (C),5009.446969310116
SANDHURST,22170,Frankston (C),22170,516,2004,1606,14,2018,5771,816,10727,22170,141845,Frankston (C),7562.480172018753
RESEARCH,25710,Nillumbik (S),25710,71,179,263,1,2018,1227,53,1794,25710,64941,Nillumbik (S),2762.507506813877
RESERVOIR,21890,Darebin (C),21890,254,1005,1231,14,2018,8538,382,11424,21890,161609,Darebin (C),7068.9132412180015
RICHMOND,27350,Yarra (C),27350,390,786,1281,10,2018,7372,771,10610,27350,98521,Yarra (C),10769.277615939747
RIDDELLS CREEK,24130,Macedon Ranges (S),24130,54,231,287,6,2018,869,79,1526,24130,49388,Macedon Ranges (S),3089.8193893253424
RINGWOOD EAST,24410,Maroondah (C),24410,177,1104,931,5,2018,3282,387,5886,24410,117498,Maroondah (C),5009.446969310116
RINGWOOD NORTH,24410,Maroondah (C),24410,177,1104,931,5,2018,3282,387,5886,24410,117498,Maroondah (C),5009.446969310116
RIPPLEBROOK,20830,Baw Baw (S),20830,125,433,627,17,2018,1561,167,2930,20830,52015,Baw Baw (S),5632.990483514371
RIPPLESIDE,22750,Greater Geelong (C),22750,507,1874,2481,26,2018,11158,902,16948,22750,252217,Greater Geelong (C),6719.6104941379845
RIPPONLEA,25900,Port Phillip (C),25900,428,680,1257,17,2018,6639,775,9796,25900,113200,Port Phillip (C),8653.710247349823
ROCHFORD,24130,Macedon Ranges (S),24130,54,231,287,6,2018,869,79,1526,24130,49388,Macedon Ranges (S),3089.8193893253424
ROCKBANK,24650,Melton (S),24650,213,870,1507,8,2018,4963,248,7809,24650,156713,Melton (C),4982.994391020528
ROMSEY,24130,Macedon Ranges (S),24130,54,231,287,6,2018,869,79,1526,24130,49388,Macedon Ranges (S),3089.8193893253424
ROSANNA,20660,Banyule (C),20660,193,1467,882,11,2018,4543,276,7372,20660,130237,Banyule (C),5660.449795373051
ROWSLEY,25150,Moorabool (S),25150,54,225,341,4,2018,1122,77,1823,25150,34158,Moorabool (S),5336.963522454476
ROWVILLE,23670,Knox (C),23670,519,982,1198,15,2018,5329,471,8514,23670,163203,Knox (C),5216.815867355379
ROXBURGH PARK,23270,Hume (C),23270,548,2012,2439,21,2018,9605,673,15298,23270,224394,Hume (C),6817.47283795467
RUBICON,25620,Murrindindi (S),25620,41,49,116,3,2018,289,37,535,25620,14478,Murrindindi (S),3695.261776488465
RYTHDALE,21450,Cardinia (S),21450,197,465,758,14,2018,2604,239,4277,21450,107120,Cardinia (S),3992.718446601942
SEABROOK,23110,Hobsons Bay (C),23110,117,456,754,21,2018,3218,261,4827,23110,96470,Hobsons Bay (C),5003.628070902872
SEAFORD,22170,Frankston (C),22170,516,2004,1606,14,2018,5771,816,10727,22170,141845,Frankston (C),7562.480172018753
SANDRINGHAM,20910,Bayside (C),20910,112,279,466,12,2018,2785,198,3852,20910,105718,Bayside (C),3643.655763446149
BERWICK,21610,Casey (C),21610,572,1637,3076,15,2018,8883,577,14760,21610,340419,Casey (C),4335.833193799406
SEAHOLME,23110,Hobsons Bay (C),23110,117,456,754,21,2018,3218,261,4827,23110,96470,Hobsons Bay (C),5003.628070902872
SASSAFRAS,27450,Yarra Ranges (S),27450,232,835,1088,22,2018,3030,302,5509,27450,158173,Yarra Ranges (S),3482.8953108305464
SCORESBY,23670,Knox (C),23670,519,982,1198,15,2018,5329,471,8514,23670,163203,Knox (C),5216.815867355379
SEVILLE,27450,Yarra Ranges (S),27450,232,835,1088,22,2018,3030,302,5509,27450,158173,Yarra Ranges (S),3482.8953108305464
SEVILLE EAST,27450,Yarra Ranges (S),27450,232,835,1088,22,2018,3030,302,5509,27450,158173,Yarra Ranges (S),3482.8953108305464
SEDDON,24330,Maribyrnong (C),24330,200,491,777,12,2018,4738,364,6582,24330,91387,Maribyrnong (C),7202.33731274689
SELBY,27450,Yarra Ranges (S),27450,232,835,1088,22,2018,3030,302,5509,27450,158173,Yarra Ranges (S),3482.8953108305464
SHERBROOKE,27450,Yarra Ranges (S),27450,232,835,1088,22,2018,3030,302,5509,27450,158173,Yarra Ranges (S),3482.8953108305464
SIDONIA,24130,Macedon Ranges (S),24130,54,231,287,6,2018,869,79,1526,24130,49388,Macedon Ranges (S),3089.8193893253424
SILVAN,27450,Yarra Ranges (S),27450,232,835,1088,22,2018,3030,302,5509,27450,158173,Yarra Ranges (S),3482.8953108305464
SKYE,22170,Frankston (C),22170,516,2004,1606,14,2018,5771,816,10727,22170,141845,Frankston (C),7562.480172018753
SMITHS GULLY,25710,Nillumbik (S),25710,71,179,263,1,2018,1227,53,1794,25710,64941,Nillumbik (S),2762.507506813877
SOMERTON,23270,Hume (C),23270,548,2012,2439,21,2018,9605,673,15298,23270,224394,Hume (C),6817.47283795467
SOMERVILLE,21610,Casey (C),21610,572,1637,3076,15,2018,8883,577,14760,21610,340419,Casey (C),4335.833193799406
DELAHEY,21180,Brimbank (C),21180,597,1681,2412,23,2018,8153,684,13550,21180,208714,Brimbank (C),6492.137566238967
SOUTH YARRA,26350,Stonnington (C),26350,411,519,856,16,2018,5638,578,8018,26350,116207,Stonnington (C),6899.756469059524
SOUTHBANK,24600,Melbourne (C),24600,1372,2759,4028,69,2018,15254,3418,26900,24600,169961,Melbourne (C),15827.16034855055
SPRING HILL,24130,Macedon Ranges (S),24130,54,231,287,6,2018,869,79,1526,24130,49388,Macedon Ranges (S),3089.8193893253424
SPOTSWOOD,23110,Hobsons Bay (C),23110,117,456,754,21,2018,3218,261,4827,23110,96470,Hobsons Bay (C),5003.628070902872
STEELS CREEK,27450,Yarra Ranges (S),27450,232,835,1088,22,2018,3030,302,5509,27450,158173,Yarra Ranges (S),3482.8953108305464
BEVERIDGE,24850,Mitchell (S),24850,173,466,678,6,2018,1510,209,3042,24850,44299,Mitchell (S),6866.972166414592
SPRINGVALE,22670,Greater Dandenong (C),22670,716,1861,2465,26,2018,7422,1136,13626,22670,166094,Greater Dandenong (C),8203.788216311244
SPRINGVALE SOUTH,22670,Greater Dandenong (C),22670,716,1861,2465,26,2018,7422,1136,13626,22670,166094,Greater Dandenong (C),8203.788216311244
ST ALBANS,21180,Brimbank (C),21180,597,1681,2412,23,2018,8153,684,13550,21180,208714,Brimbank (C),6492.137566238967
ST ALBANS PARK,22750,Greater Geelong (C),22750,507,1874,2481,26,2018,11158,902,16948,22750,252217,Greater Geelong (C),6719.6104941379845
ST ANDREWS,25710,Nillumbik (S),25710,71,179,263,1,2018,1227,53,1794,25710,64941,Nillumbik (S),2762.507506813877
ST KILDA EAST,25900,Port Phillip (C),25900,428,680,1257,17,2018,6639,775,9796,25900,113200,Port Phillip (C),8653.710247349823
ST KILDA WEST,25900,Port Phillip (C),25900,428,680,1257,17,2018,6639,775,9796,25900,113200,Port Phillip (C),8653.710247349823
ST LEONARDS,22750,Greater Geelong (C),22750,507,1874,2481,26,2018,11158,902,16948,22750,252217,Greater Geelong (C),6719.6104941379845
ST KILDA,25900,Port Phillip (C),25900,428,680,1257,17,2018,6639,775,9796,25900,113200,Port Phillip (C),8653.710247349823
BIG PATS CREEK,27450,Yarra Ranges (S),27450,232,835,1088,22,2018,3030,302,5509,27450,158173,Yarra Ranges (S),3482.8953108305464
STRATH CREEK,25620,Murrindindi (S),25620,41,49,116,3,2018,289,37,535,25620,14478,Murrindindi (S),3695.261776488465
STRATHEWEN,25710,Nillumbik (S),25710,71,179,263,1,2018,1227,53,1794,25710,64941,Nillumbik (S),2762.507506813877
STRATHMORE,25060,Moonee Valley (C),25060,223,661,845,13,2018,4586,370,6698,25060,127883,Moonee Valley (C),5237.599993744282
STRATHMORE HEIGHTS,25060,Moonee Valley (C),25060,223,661,845,13,2018,4586,370,6698,25060,127883,Moonee Valley (C),5237.599993744282
STRZELECKI,26170,South Gippsland (S),26170,37,198,245,3,2018,481,47,1011,26170,29576,South Gippsland (S),3418.312144982418
SWAN BAY,22750,Greater Geelong (C),22750,507,1874,2481,26,2018,11158,902,16948,22750,252217,Greater Geelong (C),6719.6104941379845
SUNBURY,23270,Hume (C),23270,548,2012,2439,21,2018,9605,673,15298,23270,224394,Hume (C),6817.47283795467
SUNDAY CREEK,24850,Mitchell (S),24850,173,466,678,6,2018,1510,209,3042,24850,44299,Mitchell (S),6866.972166414592
SUNSHINE,21180,Brimbank (C),21180,597,1681,2412,23,2018,8153,684,13550,21180,208714,Brimbank (C),6492.137566238967
SUNSHINE NORTH,21180,Brimbank (C),21180,597,1681,2412,23,2018,8153,684,13550,21180,208714,Brimbank (C),6492.137566238967
SUNSHINE WEST,21180,Brimbank (C),21180,597,1681,2412,23,2018,8153,684,13550,21180,208714,Brimbank (C),6492.137566238967
SURREY HILLS,21110,Boroondara (C),21110,163,353,594,10,2018,4339,171,5630,21110,181289,Boroondara (C),3105.538670299908
SYDENHAM,21180,Brimbank (C),21180,597,1681,2412,23,2018,8153,684,13550,21180,208714,Brimbank (C),6492.137566238967
TAGGERTY,25620,Murrindindi (S),25620,41,49,116,3,2018,289,37,535,25620,14478,Murrindindi (S),3695.261776488465
TALLAROOK,24850,Mitchell (S),24850,173,466,678,6,2018,1510,209,3042,24850,44299,Mitchell (S),6866.972166414592
TANTARABOO,24130,Macedon Ranges (S),24130,54,231,287,6,2018,869,79,1526,24130,49388,Macedon Ranges (S),3089.8193893253424
TARADALE,25430,Mount Alexander (S),25430,36,139,113,3,2018,396,49,736,25430,19514,Mount Alexander (S),3771.6511222711897
TARNEIT,27260,Wyndham (C),27260,368,1235,1949,12,2018,6741,511,10816,27260,255322,Wyndham (C),4236.219362217122
TARRAWARRA,27450,Yarra Ranges (S),27450,232,835,1088,22,2018,3030,302,5509,27450,158173,Yarra Ranges (S),3482.8953108305464
TAYLOR BAY,25620,Murrindindi (S),25620,41,49,116,3,2018,289,37,535,25620,14478,Murrindindi (S),3695.261776488465
TAYLORS HILL,24650,Melton (S),24650,213,870,1507,8,2018,4963,248,7809,24650,156713,Melton (C),4982.994391020528
TAYLORS LAKES,21180,Brimbank (C),21180,597,1681,2412,23,2018,8153,684,13550,21180,208714,Brimbank (C),6492.137566238967
TECOMA,27450,Yarra Ranges (S),27450,232,835,1088,22,2018,3030,302,5509,27450,158173,Yarra Ranges (S),3482.8953108305464
TEMPLESTOWE,24210,Manningham (C),24210,117,278,498,1,2018,2680,96,3670,24210,125508,Manningham (C),2924.116390987029
TEMPLESTOWE LOWER,24210,Manningham (C),24210,117,278,498,1,2018,2680,96,3670,24210,125508,Manningham (C),2924.116390987029
TETOORA ROAD,20830,Baw Baw (S),20830,125,433,627,17,2018,1561,167,2930,20830,52015,Baw Baw (S),5632.990483514371
THE BASIN,23670,Knox (C),23670,519,982,1198,15,2018,5329,471,8514,23670,163203,Knox (C),5216.815867355379
THE PATCH,27450,Yarra Ranges (S),27450,232,835,1088,22,2018,3030,302,5509,27450,158173,Yarra Ranges (S),3482.8953108305464
THOMASTOWN,27070,Whittlesea (C),27070,329,1217,2115,11,2018,7361,318,11351,27070,223322,Whittlesea (C),5082.795246325933
BLACK ROCK,20910,Bayside (C),20910,112,279,466,12,2018,2785,198,3852,20910,105718,Bayside (C),3643.655763446149
THORNBURY,21890,Darebin (C),21890,254,1005,1231,14,2018,8538,382,11424,21890,161609,Darebin (C),7068.9132412180015
THORNTON,25620,Murrindindi (S),25620,41,49,116,3,2018,289,37,535,25620,14478,Murrindindi (S),3695.261776488465
THREE BRIDGES,27450,Yarra Ranges (S),27450,232,835,1088,22,2018,3030,302,5509,27450,158173,Yarra Ranges (S),3482.8953108305464
BLACKBURN,26980,Whitehorse (C),26980,174,516,850,13,2018,4712,229,6494,26980,176196,Whitehorse (C),3685.6682331040433
TOOLANGI,25620,Murrindindi (S),25620,41,49,116,3,2018,289,37,535,25620,14478,Murrindindi (S),3695.261776488465
BLACKBURN NORTH,26980,Whitehorse (C),26980,174,516,850,13,2018,4712,229,6494,26980,176196,Whitehorse (C),3685.6682331040433
TONIMBUK,21450,Cardinia (S),21450,197,465,758,14,2018,2604,239,4277,21450,107120,Cardinia (S),3992.718446601942
BLACKBURN SOUTH,26980,Whitehorse (C),26980,174,516,850,13,2018,4712,229,6494,26980,176196,Whitehorse (C),3685.6682331040433
TOOLERN VALE,24650,Melton (S),24650,213,870,1507,8,2018,4963,248,7809,24650,156713,Melton (C),4982.994391020528
TOORADIN,21610,Casey (C),21610,572,1637,3076,15,2018,8883,577,14760,21610,340419,Casey (C),4335.833193799406
TOORAK,26350,Stonnington (C),26350,411,519,856,16,2018,5638,578,8018,26350,116207,Stonnington (C),6899.756469059524
TORWOOD,20830,Baw Baw (S),20830,125,433,627,17,2018,1561,167,2930,20830,52015,Baw Baw (S),5632.990483514371
TORQUAY,26490,Surf Coast (S),26490,26,50,135,4,2018,680,53,948,26490,32251,Surf Coast (S),2939.443738178661
TOTTENHAM,24330,Maribyrnong (C),24330,200,491,777,12,2018,4738,364,6582,24330,91387,Maribyrnong (C),7202.33731274689
BLACKWOOD,25150,Moorabool (S),25150,54,225,341,4,2018,1122,77,1823,25150,34158,Moorabool (S),5336.963522454476
TRAVANCORE,25060,Moonee Valley (C),25060,223,661,845,13,2018,4586,370,6698,25060,127883,Moonee Valley (C),5237.599993744282
WANDIN EAST,27450,Yarra Ranges (S),27450,232,835,1088,22,2018,3030,302,5509,27450,158173,Yarra Ranges (S),3482.8953108305464
TREMONT,27450,Yarra Ranges (S),27450,232,835,1088,22,2018,3030,302,5509,27450,158173,Yarra Ranges (S),3482.8953108305464
TRUGANINA,24650,Melton (S),24650,213,870,1507,8,2018,4963,248,7809,24650,156713,Melton (C),4982.994391020528
TRENTHAM,22910,Hepburn (S),22910,16,83,126,0,2018,396,18,639,22910,15812,Hepburn (S),4041.234505438907
TRENTHAM EAST,24130,Macedon Ranges (S),24130,54,231,287,6,2018,869,79,1526,24130,49388,Macedon Ranges (S),3089.8193893253424
TULLAMARINE,23270,Hume (C),23270,548,2012,2439,21,2018,9605,673,15298,23270,224394,Hume (C),6817.47283795467
TYAAK,24850,Mitchell (S),24850,173,466,678,6,2018,1510,209,3042,24850,44299,Mitchell (S),6866.972166414592
TYLDEN,24130,Macedon Ranges (S),24130,54,231,287,6,2018,869,79,1526,24130,49388,Macedon Ranges (S),3089.8193893253424
TYLDEN SOUTH,22910,Hepburn (S),22910,16,83,126,0,2018,396,18,639,22910,15812,Hepburn (S),4041.234505438907
TYNONG,21450,Cardinia (S),21450,197,465,758,14,2018,2604,239,4277,21450,107120,Cardinia (S),3992.718446601942
TYNONG NORTH,21450,Cardinia (S),21450,197,465,758,14,2018,2604,239,4277,21450,107120,Cardinia (S),3992.718446601942
BLIND BIGHT,21610,Casey (C),21610,572,1637,3076,15,2018,8883,577,14760,21610,340419,Casey (C),4335.833193799406
UPPER FERNTREE GULLY,23670,Knox (C),23670,519,982,1198,15,2018,5329,471,8514,23670,163203,Knox (C),5216.815867355379
UPPER PLENTY,24850,Mitchell (S),24850,173,466,678,6,2018,1510,209,3042,24850,44299,Mitchell (S),6866.972166414592
WANTIRNA,23670,Knox (C),23670,519,982,1198,15,2018,5329,471,8514,23670,163203,Knox (C),5216.815867355379
WANTIRNA SOUTH,23670,Knox (C),23670,519,982,1198,15,2018,5329,471,8514,23670,163203,Knox (C),5216.815867355379
UPWEY,27450,Yarra Ranges (S),27450,232,835,1088,22,2018,3030,302,5509,27450,158173,Yarra Ranges (S),3482.8953108305464
WARBURTON,27450,Yarra Ranges (S),27450,232,835,1088,22,2018,3030,302,5509,27450,158173,Yarra Ranges (S),3482.8953108305464
VERMONT,26980,Whitehorse (C),26980,174,516,850,13,2018,4712,229,6494,26980,176196,Whitehorse (C),3685.6682331040433
VERMONT SOUTH,26980,Whitehorse (C),26980,174,516,850,13,2018,4712,229,6494,26980,176196,Whitehorse (C),3685.6682331040433
VERVALE,21450,Cardinia (S),21450,197,465,758,14,2018,2604,239,4277,21450,107120,Cardinia (S),3992.718446601942
WALLAN,24850,Mitchell (S),24850,173,466,678,6,2018,1510,209,3042,24850,44299,Mitchell (S),6866.972166414592
WALLINGTON,22750,Greater Geelong (C),22750,507,1874,2481,26,2018,11158,902,16948,22750,252217,Greater Geelong (C),6719.6104941379845
WANDIN NORTH,27450,Yarra Ranges (S),27450,232,835,1088,22,2018,3030,302,5509,27450,158173,Yarra Ranges (S),3482.8953108305464
WANDONG,24850,Mitchell (S),24850,173,466,678,6,2018,1510,209,3042,24850,44299,Mitchell (S),6866.972166414592
WARNEET,21610,Casey (C),21610,572,1637,3076,15,2018,8883,577,14760,21610,340419,Casey (C),4335.833193799406
WARRANDYTE,24210,Manningham (C),24210,117,278,498,1,2018,2680,96,3670,24210,125508,Manningham (C),2924.116390987029
WARRANDYTE SOUTH,24210,Manningham (C),24210,117,278,498,1,2018,2680,96,3670,24210,125508,Manningham (C),2924.116390987029
WARRAGUL,20830,Baw Baw (S),20830,125,433,627,17,2018,1561,167,2930,20830,52015,Baw Baw (S),5632.990483514371
WARRAGUL SOUTH,20830,Baw Baw (S),20830,125,433,627,17,2018,1561,167,2930,20830,52015,Baw Baw (S),5632.990483514371
WARRAGUL WEST,20830,Baw Baw (S),20830,125,433,627,17,2018,1561,167,2930,20830,52015,Baw Baw (S),5632.990483514371
WARRANWOOD,24410,Maroondah (C),24410,177,1104,931,5,2018,3282,387,5886,24410,117498,Maroondah (C),5009.446969310116
WATERWAYS,23430,Kingston (C),23430,278,971,1091,21,2018,5195,396,7952,23430,163431,Kingston (C) (Vic.),4865.661961317009
WATSONIA NORTH,20660,Banyule (C),20660,193,1467,882,11,2018,4543,276,7372,20660,130237,Banyule (C),5660.449795373051
WATSONS CREEK,25710,Nillumbik (S),25710,71,179,263,1,2018,1227,53,1794,25710,64941,Nillumbik (S),2762.507506813877
BOLINDA,24130,Macedon Ranges (S),24130,54,231,287,6,2018,869,79,1526,24130,49388,Macedon Ranges (S),3089.8193893253424
WATTLE GLEN,25710,Nillumbik (S),25710,71,179,263,1,2018,1227,53,1794,25710,64941,Nillumbik (S),2762.507506813877
WESBURN,27450,Yarra Ranges (S),27450,232,835,1088,22,2018,3030,302,5509,27450,158173,Yarra Ranges (S),3482.8953108305464
WERRIBEE,27260,Wyndham (C),27260,368,1235,1949,12,2018,6741,511,10816,27260,255322,Wyndham (C),4236.219362217122
WERRIBEE SOUTH,27260,Wyndham (C),27260,368,1235,1949,12,2018,6741,511,10816,27260,255322,Wyndham (C),4236.219362217122
WEST FOOTSCRAY,24330,Maribyrnong (C),24330,200,491,777,12,2018,4738,364,6582,24330,91387,Maribyrnong (C),7202.33731274689
WESTMEADOWS,23270,Hume (C),23270,548,2012,2439,21,2018,9605,673,15298,23270,224394,Hume (C),6817.47283795467
WHEELERS HILL,24970,Monash (C),24970,245,538,1036,18,2018,6124,323,8284,24970,200077,Monash (C),4140.40594371167
WHANREGARWEN,25620,Murrindindi (S),25620,41,49,116,3,2018,289,37,535,25620,14478,Murrindindi (S),3695.261776488465
WHITELAW,26170,South Gippsland (S),26170,37,198,245,3,2018,481,47,1011,26170,29576,South Gippsland (S),3418.312144982418
WHITTINGTON,22750,Greater Geelong (C),22750,507,1874,2481,26,2018,11158,902,16948,22750,252217,Greater Geelong (C),6719.6104941379845
WHITTLESEA,27070,Whittlesea (C),27070,329,1217,2115,11,2018,7361,318,11351,27070,223322,Whittlesea (C),5082.795246325933
WILLIAMSTOWN,23110,Hobsons Bay (C),23110,117,456,754,21,2018,3218,261,4827,23110,96470,Hobsons Bay (C),5003.628070902872
WILLIAMSTOWN NORTH,23110,Hobsons Bay (C),23110,117,456,754,21,2018,3218,261,4827,23110,96470,Hobsons Bay (C),5003.628070902872
WILDWOOD,23270,Hume (C),23270,548,2012,2439,21,2018,9605,673,15298,23270,224394,Hume (C),6817.47283795467
BONBEACH,23430,Kingston (C),23430,278,971,1091,21,2018,5195,396,7952,23430,163431,Kingston (C) (Vic.),4865.661961317009
WILLOWMAVIN,24850,Mitchell (S),24850,173,466,678,6,2018,1510,209,3042,24850,44299,Mitchell (S),6866.972166414592
WINDSOR,26350,Stonnington (C),26350,411,519,856,16,2018,5638,578,8018,26350,116207,Stonnington (C),6899.756469059524
WOLLERT,27070,Whittlesea (C),27070,329,1217,2115,11,2018,7361,318,11351,27070,223322,Whittlesea (C),5082.795246325933
WONGA PARK,24210,Manningham (C),24210,117,278,498,1,2018,2680,96,3670,24210,125508,Manningham (C),2924.116390987029
WOODEND,24130,Macedon Ranges (S),24130,54,231,287,6,2018,869,79,1526,24130,49388,Macedon Ranges (S),3089.8193893253424
WOODEND NORTH,24130,Macedon Ranges (S),24130,54,231,287,6,2018,869,79,1526,24130,49388,Macedon Ranges (S),3089.8193893253424
WOORI YALLOCK,27450,Yarra Ranges (S),27450,232,835,1088,22,2018,3030,302,5509,27450,158173,Yarra Ranges (S),3482.8953108305464
WYNDHAM VALE,27260,Wyndham (C),27260,368,1235,1949,12,2018,6741,511,10816,27260,255322,Wyndham (C),4236.219362217122
YALLAMBIE,20660,Banyule (C),20660,193,1467,882,11,2018,4543,276,7372,20660,130237,Banyule (C),5660.449795373051
YANNATHAN,21450,Cardinia (S),21450,197,465,758,14,2018,2604,239,4277,21450,107120,Cardinia (S),3992.718446601942
YAN YEAN,27070,Whittlesea (C),27070,329,1217,2115,11,2018,7361,318,11351,27070,223322,Whittlesea (C),5082.795246325933
YERING,27450,Yarra Ranges (S),27450,232,835,1088,22,2018,3030,302,5509,27450,158173,Yarra Ranges (S),3482.8953108305464
YARRA GLEN,27450,Yarra Ranges (S),27450,232,835,1088,22,2018,3030,302,5509,27450,158173,Yarra Ranges (S),3482.8953108305464
YARRA JUNCTION,27450,Yarra Ranges (S),27450,232,835,1088,22,2018,3030,302,5509,27450,158173,Yarra Ranges (S),3482.8953108305464
YEA,25620,Murrindindi (S),25620,41,49,116,3,2018,289,37,535,25620,14478,Murrindindi (S),3695.261776488465
YARRAMBAT,25710,Nillumbik (S),25710,71,179,263,1,2018,1227,53,1794,25710,64941,Nillumbik (S),2762.507506813877
YELLINGBO,27450,Yarra Ranges (S),27450,232,835,1088,22,2018,3030,302,5509,27450,158173,Yarra Ranges (S),3482.8953108305464
YUROKE,23270,Hume (C),23270,548,2012,2439,21,2018,9605,673,15298,23270,224394,Hume (C),6817.47283795467
YARRAVILLE,24330,Maribyrnong (C),24330,200,491,777,12,2018,4738,364,6582,24330,91387,Maribyrnong (C),7202.33731274689
WILLIAMS LANDING,27260,Wyndham (C),27260,368,1235,1949,12,2018,6741,511,10816,27260,255322,Wyndham (C),4236.219362217122
SOUTH WHARF,24600,Melbourne (C),24600,1372,2759,4028,69,2018,15254,3418,26900,24600,169961,Melbourne (C),15827.16034855055
ESSENDON FIELDS,25060,Moonee Valley (C),25060,223,661,845,13,2018,4586,370,6698,25060,127883,Moonee Valley (C),5237.599993744282
NEWTOWN,22750,Greater Geelong (C),22750,507,1874,2481,26,2018,11158,902,16948,22750,252217,Greater Geelong (C),6719.6104941379845
BELLFIELD,20660,Banyule (C),20660,193,1467,882,11,2018,4543,276,7372,20660,130237,Banyule (C),5660.449795373051
SPRINGFIELD,24130,Macedon Ranges (S),24130,54,231,287,6,2018,869,79,1526,24130,49388,Macedon Ranges (S),3089.8193893253424
HILLSIDE,24650,Melton (S),24650,213,870,1507,8,2018,4963,248,7809,24650,156713,Melton (C),4982.994391020528
THOMSON,22750,Greater Geelong (C),22750,507,1874,2481,26,2018,11158,902,16948,22750,252217,Greater Geelong (C),6719.6104941379845
REEDY CREEK,24850,Mitchell (S),24850,173,466,678,6,2018,1510,209,3042,24850,44299,Mitchell (S),6866.972166414592
BOTANIC RIDGE,21610,Casey (C),21610,572,1637,3076,15,2018,8883,577,14760,21610,340419,Casey (C),4335.833193799406
ST HELENA,20660,Banyule (C),20660,193,1467,882,11,2018,4543,276,7372,20660,130237,Banyule (C),5660.449795373051
DEEPDENE,21110,Boroondara (C),21110,163,353,594,10,2018,4339,171,5630,21110,181289,Boroondara (C),3105.538670299908
ABERFELDIE,25060,Moonee Valley (C),25060,223,661,845,13,2018,4586,370,6698,25060,127883,Moonee Valley (C),5237.599993744282
BULLA,23270,Hume (C),23270,548,2012,2439,21,2018,9605,673,15298,23270,224394,Hume (C),6817.47283795467
ARMSTRONG CREEK,22750,Greater Geelong (C),22750,507,1874,2481,26,2018,11158,902,16948,22750,252217,Greater Geelong (C),6719.6104941379845
CHARLEMONT,22750,Greater Geelong (C),22750,507,1874,2481,26,2018,11158,902,16948,22750,252217,Greater Geelong (C),6719.6104941379845
MANOR LAKES,27260,Wyndham (C),27260,368,1235,1949,12,2018,6741,511,10816,27260,255322,Wyndham (C),4236.219362217122
AINTREE,24650,Melton (S),24650,213,870,1507,8,2018,4963,248,7809,24650,156713,Melton (C),4982.994391020528
BONNIE BROOK,24650,Melton (S),24650,213,870,1507,8,2018,4963,248,7809,24650,156713,Melton (C),4982.994391020528
COBBLEBANK,24650,Melton (S),24650,213,870,1507,8,2018,4963,248,7809,24650,156713,Melton (C),4982.994391020528
DEANSIDE,24650,Melton (S),24650,213,870,1507,8,2018,4963,248,7809,24650,156713,Melton (C),4982.994391020528
FIELDSTONE,24650,Melton (S),24650,213,870,1507,8,2018,4963,248,7809,24650,156713,Melton (C),4982.994391020528
FRASER RISE,24650,Melton (S),24650,213,870,1507,8,2018,4963,248,7809,24650,156713,Melton (C),4982.994391020528
GRANGEFIELDS,24650,Melton (S),24650,213,870,1507,8,2018,4963,248,7809,24650,156713,Melton (C),4982.994391020528
HARKNESS,24650,Melton (S),24650,213,870,1507,8,2018,4963,248,7809,24650,156713,Melton (C),4982.994391020528
STRATHTULLOH,24650,Melton (S),24650,213,870,1507,8,2018,4963,248,7809,24650,156713,Melton (C),4982.994391020528
THORNHILL PARK,24650,Melton (S),24650,213,870,1507,8,2018,4963,248,7809,24650,156713,Melton (C),4982.994391020528
WEIR VIEWS,24650,Melton (S),24650,213,870,1507,8,2018,4963,248,7809,24650,156713,Melton (C),4982.994391020528
BORONIA,23670,Knox (C),23670,519,982,1198,15,2018,5329,471,8514,23670,163203,Knox (C),5216.815867355379
BOX HILL SOUTH,26980,Whitehorse (C),26980,174,516,850,13,2018,4712,229,6494,26980,176196,Whitehorse (C),3685.6682331040433
BRAESIDE,23430,Kingston (C),23430,278,971,1091,21,2018,5195,396,7952,23430,163431,Kingston (C) (Vic.),4865.661961317009
BRAYBROOK,24330,Maribyrnong (C),24330,200,491,777,12,2018,4738,364,6582,24330,91387,Maribyrnong (C),7202.33731274689
BREAKWATER,22750,Greater Geelong (C),22750,507,1874,2481,26,2018,11158,902,16948,22750,252217,Greater Geelong (C),6719.6104941379845
BREAMLEA,22750,Greater Geelong (C),22750,507,1874,2481,26,2018,11158,902,16948,22750,252217,Greater Geelong (C),6719.6104941379845
ALPHINGTON,27350,Yarra (C),27350,390,786,1281,10,2018,7372,771,10610,27350,98521,Yarra (C),10769.277615939747
ALTONA,23110,Hobsons Bay (C),23110,117,456,754,21,2018,3218,261,4827,23110,96470,Hobsons Bay (C),5003.628070902872
BRIAR HILL,20660,Banyule (C),20660,193,1467,882,11,2018,4543,276,7372,20660,130237,Banyule (C),5660.449795373051
BRIGHTON,20910,Bayside (C),20910,112,279,466,12,2018,2785,198,3852,20910,105718,Bayside (C),3643.655763446149
BRIGHTON EAST,20910,Bayside (C),20910,112,279,466,12,2018,2785,198,3852,20910,105718,Bayside (C),3643.655763446149
BROADMEADOWS,23270,Hume (C),23270,548,2012,2439,21,2018,9605,673,15298,23270,224394,Hume (C),6817.47283795467
ALTONA MEADOWS,23110,Hobsons Bay (C),23110,117,456,754,21,2018,3218,261,4827,23110,96470,Hobsons Bay (C),5003.628070902872
BRUNSWICK EAST,25250,Moreland (C),25250,272,900,1430,16,2018,7913,455,10986,25250,181725,Moreland (C),6045.398266611638
BRUNSWICK WEST,25250,Moreland (C),25250,272,900,1430,16,2018,7913,455,10986,25250,181725,Moreland (C),6045.398266611638
BULLEEN,24210,Manningham (C),24210,117,278,498,1,2018,2680,96,3670,24210,125508,Manningham (C),2924.116390987029
BULLENGAROOK,24130,Macedon Ranges (S),24130,54,231,287,6,2018,869,79,1526,24130,49388,Macedon Ranges (S),3089.8193893253424
BUNDOORA,27070,Whittlesea (C),27070,329,1217,2115,11,2018,7361,318,11351,27070,223322,Whittlesea (C),5082.795246325933
ANAKIE,22750,Greater Geelong (C),22750,507,1874,2481,26,2018,11158,902,16948,22750,252217,Greater Geelong (C),6719.6104941379845
BUNYIP,21450,Cardinia (S),21450,197,465,758,14,2018,2604,239,4277,21450,107120,Cardinia (S),3992.718446601942
BUNYIP NORTH,21450,Cardinia (S),21450,197,465,758,14,2018,2604,239,4277,21450,107120,Cardinia (S),3992.718446601942
BURNLEY,27350,Yarra (C),27350,390,786,1281,10,2018,7372,771,10610,27350,98521,Yarra (C),10769.277615939747
BURNSIDE,24650,Melton (S),24650,213,870,1507,8,2018,4963,248,7809,24650,156713,Melton (C),4982.994391020528
BURWOOD,26980,Whitehorse (C),26980,174,516,850,13,2018,4712,229,6494,26980,176196,Whitehorse (C),3685.6682331040433
BURNSIDE HEIGHTS,24650,Melton (S),24650,213,870,1507,8,2018,4963,248,7809,24650,156713,Melton (C),4982.994391020528
BURWOOD EAST,26980,Whitehorse (C),26980,174,516,850,13,2018,4712,229,6494,26980,176196,Whitehorse (C),3685.6682331040433
BUXTON,25620,Murrindindi (S),25620,41,49,116,3,2018,289,37,535,25620,14478,Murrindindi (S),3695.261776488465
BYLANDS,24850,Mitchell (S),24850,173,466,678,6,2018,1510,209,3042,24850,44299,Mitchell (S),6866.972166414592
CADELLO,24130,Macedon Ranges (S),24130,54,231,287,6,2018,869,79,1526,24130,49388,Macedon Ranges (S),3089.8193893253424
CAIRNLEA,21180,Brimbank (C),21180,597,1681,2412,23,2018,8153,684,13550,21180,208714,Brimbank (C),6492.137566238967
CALDER PARK,21180,Brimbank (C),21180,597,1681,2412,23,2018,8153,684,13550,21180,208714,Brimbank (C),6492.137566238967
CALDERMEADE,21450,Cardinia (S),21450,197,465,758,14,2018,2604,239,4277,21450,107120,Cardinia (S),3992.718446601942
CAMBARVILLE,27450,Yarra Ranges (S),27450,232,835,1088,22,2018,3030,302,5509,27450,158173,Yarra Ranges (S),3482.8953108305464
CAMBERWELL,21110,Boroondara (C),21110,163,353,594,10,2018,4339,171,5630,21110,181289,Boroondara (C),3105.538670299908
CAMPBELLFIELD,23270,Hume (C),23270,548,2012,2439,21,2018,9605,673,15298,23270,224394,Hume (C),6817.47283795467
CANNONS CREEK,21610,Casey (C),21610,572,1637,3076,15,2018,8883,577,14760,21610,340419,Casey (C),4335.833193799406
CANTERBURY,21110,Boroondara (C),21110,163,353,594,10,2018,4339,171,5630,21110,181289,Boroondara (C),3105.538670299908
CARDINIA,21450,Cardinia (S),21450,197,465,758,14,2018,2604,239,4277,21450,107120,Cardinia (S),3992.718446601942
CLAYTON SOUTH,23430,Kingston (C),23430,278,971,1091,21,2018,5195,396,7952,23430,163431,Kingston (C) (Vic.),4865.661961317009
CARLSRUHE,24130,Macedon Ranges (S),24130,54,231,287,6,2018,869,79,1526,24130,49388,Macedon Ranges (S),3089.8193893253424
CARLTON,24600,Melbourne (C),24600,1372,2759,4028,69,2018,15254,3418,26900,24600,169961,Melbourne (C),15827.16034855055
CARLTON NORTH,27350,Yarra (C),27350,390,786,1281,10,2018,7372,771,10610,27350,98521,Yarra (C),10769.277615939747
CARNEGIE,22310,Glen Eira (C),22310,150,335,700,9,2018,3738,299,5231,22310,153858,Glen Eira (C),3399.888208607937
CARRUM,23430,Kingston (C),23430,278,971,1091,21,2018,5195,396,7952,23430,163431,Kingston (C) (Vic.),4865.661961317009
CARRUM DOWNS,22170,Frankston (C),22170,516,2004,1606,14,2018,5771,816,10727,22170,141845,Frankston (C),7562.480172018753
CAROLINE SPRINGS,24650,Melton (S),24650,213,870,1507,8,2018,4963,248,7809,24650,156713,Melton (C),4982.994391020528
ACHERON,25620,Murrindindi (S),25620,41,49,116,3,2018,289,37,535,25620,14478,Murrindindi (S),3695.261776488465
CASTELLA,25620,Murrindindi (S),25620,41,49,116,3,2018,289,37,535,25620,14478,Murrindindi (S),3695.261776488465
CATANI,21450,Cardinia (S),21450,197,465,758,14,2018,2604,239,4277,21450,107120,Cardinia (S),3992.718446601942
CATHKIN,25620,Murrindindi (S),25620,41,49,116,3,2018,289,37,535,25620,14478,Murrindindi (S),3695.261776488465
CAULFIELD,22310,Glen Eira (C),22310,150,335,700,9,2018,3738,299,5231,22310,153858,Glen Eira (C),3399.888208607937
CLEMATIS,21450,Cardinia (S),21450,197,465,758,14,2018,2604,239,4277,21450,107120,Cardinia (S),3992.718446601942
CAULFIELD EAST,22310,Glen Eira (C),22310,150,335,700,9,2018,3738,299,5231,22310,153858,Glen Eira (C),3399.888208607937
CLYDE NORTH,21610,Casey (C),21610,572,1637,3076,15,2018,8883,577,14760,21610,340419,Casey (C),4335.833193799406
CAULFIELD NORTH,22310,Glen Eira (C),22310,150,335,700,9,2018,3738,299,5231,22310,153858,Glen Eira (C),3399.888208607937
CAULFIELD SOUTH,22310,Glen Eira (C),22310,150,335,700,9,2018,3738,299,5231,22310,153858,Glen Eira (C),3399.888208607937
COBAW,24130,Macedon Ranges (S),24130,54,231,287,6,2018,869,79,1526,24130,49388,Macedon Ranges (S),3089.8193893253424
CHADSTONE,24970,Monash (C),24970,245,538,1036,18,2018,6124,323,8284,24970,200077,Monash (C),4140.40594371167
CHELSEA,23430,Kingston (C),23430,278,971,1091,21,2018,5195,396,7952,23430,163431,Kingston (C) (Vic.),4865.661961317009
CHELSEA HEIGHTS,23430,Kingston (C),23430,278,971,1091,21,2018,5195,396,7952,23430,163431,Kingston (C) (Vic.),4865.661961317009
CHELTENHAM,23430,Kingston (C),23430,278,971,1091,21,2018,5195,396,7952,23430,163431,Kingston (C) (Vic.),4865.661961317009
CHEROKEE,24130,Macedon Ranges (S),24130,54,231,287,6,2018,869,79,1526,24130,49388,Macedon Ranges (S),3089.8193893253424
ARAWATA,26170,South Gippsland (S),26170,37,198,245,3,2018,481,47,1011,26170,29576,South Gippsland (S),3418.312144982418
CHRISTMAS HILLS,25710,Nillumbik (S),25710,71,179,263,1,2018,1227,53,1794,25710,64941,Nillumbik (S),2762.507506813877
COBURG,25250,Moreland (C),25250,272,900,1430,16,2018,7913,455,10986,25250,181725,Moreland (C),6045.398266611638
COBURG NORTH,25250,Moreland (C),25250,272,900,1430,16,2018,7913,455,10986,25250,181725,Moreland (C),6045.398266611638
CHINTIN,24130,Macedon Ranges (S),24130,54,231,287,6,2018,869,79,1526,24130,49388,Macedon Ranges (S),3089.8193893253424
CHIRNSIDE PARK,27450,Yarra Ranges (S),27450,232,835,1088,22,2018,3030,302,5509,27450,158173,Yarra Ranges (S),3482.8953108305464
CLARINDA,23430,Kingston (C),23430,278,971,1091,21,2018,5195,396,7952,23430,163431,Kingston (C) (Vic.),4865.661961317009
CLARKEFIELD,24130,Macedon Ranges (S),24130,54,231,287,6,2018,869,79,1526,24130,49388,Macedon Ranges (S),3089.8193893253424
CHUM CREEK,27450,Yarra Ranges (S),27450,232,835,1088,22,2018,3030,302,5509,27450,158173,Yarra Ranges (S),3482.8953108305464
CLAYTON,24970,Monash (C),24970,245,538,1036,18,2018,6124,323,8284,24970,200077,Monash (C),4140.40594371167
CLIFTON HILL,27350,Yarra (C),27350,390,786,1281,10,2018,7372,771,10610,27350,98521,Yarra (C),10769.277615939747
CLIFTON SPRINGS,22750,Greater Geelong (C),22750,507,1874,2481,26,2018,11158,902,16948,22750,252217,Greater Geelong (C),6719.6104941379845
CLONBINANE,24850,Mitchell (S),24850,173,466,678,6,2018,1510,209,3042,24850,44299,Mitchell (S),6866.972166414592
COCKATOO,21450,Cardinia (S),21450,197,465,758,14,2018,2604,239,4277,21450,107120,Cardinia (S),3992.718446601942
COCOROC,27260,Wyndham (C),27260,368,1235,1949,12,2018,6741,511,10816,27260,255322,Wyndham (C),4236.219362217122
CONNEWARRE,22750,Greater Geelong (C),22750,507,1874,2481,26,2018,11158,902,16948,22750,252217,Greater Geelong (C),6719.6104941379845
ARDEER,21180,Brimbank (C),21180,597,1681,2412,23,2018,8153,684,13550,21180,208714,Brimbank (C),6492.137566238967
CLYDE,21610,Casey (C),21610,572,1637,3076,15,2018,8883,577,14760,21610,340419,Casey (C),4335.833193799406
ADA,20830,Baw Baw (S),20830,125,433,627,17,2018,1561,167,2930,20830,52015,Baw Baw (S),5632.990483514371
COIMADAI,25150,Moorabool (S),25150,54,225,341,4,2018,1122,77,1823,25150,34158,Moorabool (S),5336.963522454476
COOLAROO,23270,Hume (C),23270,548,2012,2439,21,2018,9605,673,15298,23270,224394,Hume (C),6817.47283795467
COLDSTREAM,27450,Yarra Ranges (S),27450,232,835,1088,22,2018,3030,302,5509,27450,158173,Yarra Ranges (S),3482.8953108305464
COLLINGWOOD,27350,Yarra (C),27350,390,786,1281,10,2018,7372,771,10610,27350,98521,Yarra (C),10769.277615939747
CORA LYNN,21450,Cardinia (S),21450,197,465,758,14,2018,2604,239,4277,21450,107120,Cardinia (S),3992.718446601942
CORIO,22750,Greater Geelong (C),22750,507,1874,2481,26,2018,11158,902,16948,22750,252217,Greater Geelong (C),6719.6104941379845
COTTLES BRIDGE,25710,Nillumbik (S),25710,71,179,263,1,2018,1227,53,1794,25710,64941,Nillumbik (S),2762.507506813877
CRANBOURNE NORTH,21610,Casey (C),21610,572,1637,3076,15,2018,8883,577,14760,21610,340419,Casey (C),4335.833193799406
CRANBOURNE SOUTH,21610,Casey (C),21610,572,1637,3076,15,2018,8883,577,14760,21610,340419,Casey (C),4335.833193799406
ARMADALE,26350,Stonnington (C),26350,411,519,856,16,2018,5638,578,8018,26350,116207,Stonnington (C),6899.756469059524
CRAIGIEBURN,23270,Hume (C),23270,548,2012,2439,21,2018,9605,673,15298,23270,224394,Hume (C),6817.47283795467
CRANBOURNE,21610,Casey (C),21610,572,1637,3076,15,2018,8883,577,14760,21610,340419,Casey (C),4335.833193799406
CRANBOURNE EAST,21610,Casey (C),21610,572,1637,3076,15,2018,8883,577,14760,21610,340419,Casey (C),4335.833193799406
CRANBOURNE WEST,21610,Casey (C),21610,572,1637,3076,15,2018,8883,577,14760,21610,340419,Casey (C),4335.833193799406
CREMORNE,27350,Yarra (C),27350,390,786,1281,10,2018,7372,771,10610,27350,98521,Yarra (C),10769.277615939747
CROYDON,24410,Maroondah (C),24410,177,1104,931,5,2018,3282,387,5886,24410,117498,Maroondah (C),5009.446969310116
CROYDON HILLS,24410,Maroondah (C),24410,177,1104,931,5,2018,3282,387,5886,24410,117498,Maroondah (C),5009.446969310116
CROYDON NORTH,24410,Maroondah (C),24410,177,1104,931,5,2018,3282,387,5886,24410,117498,Maroondah (C),5009.446969310116
CROYDON SOUTH,24410,Maroondah (C),24410,177,1104,931,5,2018,3282,387,5886,24410,117498,Maroondah (C),5009.446969310116
CURLEWIS,22750,Greater Geelong (C),22750,507,1874,2481,26,2018,11158,902,16948,22750,252217,Greater Geelong (C),6719.6104941379845
DALLAS,23270,Hume (C),23270,548,2012,2439,21,2018,9605,673,15298,23270,224394,Hume (C),6817.47283795467
ARTHURS CREEK,25710,Nillumbik (S),25710,71,179,263,1,2018,1227,53,1794,25710,64941,Nillumbik (S),2762.507506813877
DALMORE,21450,Cardinia (S),21450,197,465,758,14,2018,2604,239,4277,21450,107120,Cardinia (S),3992.718446601942
DANDENONG SOUTH,22670,Greater Dandenong (C),22670,716,1861,2465,26,2018,7422,1136,13626,22670,166094,Greater Dandenong (C),8203.788216311244
DANDENONG,22670,Greater Dandenong (C),22670,716,1861,2465,26,2018,7422,1136,13626,22670,166094,Greater Dandenong (C),8203.788216311244
DANDENONG NORTH,22670,Greater Dandenong (C),22670,716,1861,2465,26,2018,7422,1136,13626,22670,166094,Greater Dandenong (C),8203.788216311244
DARRAWEIT GUIM,24130,Macedon Ranges (S),24130,54,231,287,6,2018,869,79,1526,24130,49388,Macedon Ranges (S),3089.8193893253424
DEER PARK,21180,Brimbank (C),21180,597,1681,2412,23,2018,8153,684,13550,21180,208714,Brimbank (C),6492.137566238967
DERRIMUT,21180,Brimbank (C),21180,597,1681,2412,23,2018,8153,684,13550,21180,208714,Brimbank (C),6492.137566238967
DEVILS RIVER,25620,Murrindindi (S),25620,41,49,116,3,2018,289,37,535,25620,14478,Murrindindi (S),3695.261776488465
DEVON MEADOWS,21610,Casey (C),21610,572,1637,3076,15,2018,8883,577,14760,21610,340419,Casey (C),4335.833193799406
ASCOT VALE,25060,Moonee Valley (C),25060,223,661,845,13,2018,4586,370,6698,25060,127883,Moonee Valley (C),5237.599993744282
DEWHURST,21450,Cardinia (S),21450,197,465,758,14,2018,2604,239,4277,21450,107120,Cardinia (S),3992.718446601942
ASHBOURNE,24130,Macedon Ranges (S),24130,54,231,287,6,2018,869,79,1526,24130,49388,Macedon Ranges (S),3089.8193893253424
DIAMOND CREEK,25710,Nillumbik (S),25710,71,179,263,1,2018,1227,53,1794,25710,64941,Nillumbik (S),2762.507506813877
DIGGERS REST,24650,Melton (S),24650,213,870,1507,8,2018,4963,248,7809,24650,156713,Melton (C),4982.994391020528
DINGLEY VILLAGE,23430,Kingston (C),23430,278,971,1091,21,2018,5195,396,7952,23430,163431,Kingston (C) (Vic.),4865.661961317009
ASHWOOD,24970,Monash (C),24970,245,538,1036,18,2018,6124,323,8284,24970,200077,Monash (C),4140.40594371167
DIXONS CREEK,27450,Yarra Ranges (S),27450,232,835,1088,22,2018,3030,302,5509,27450,158173,Yarra Ranges (S),3482.8953108305464
ASPENDALE,23430,Kingston (C),23430,278,971,1091,21,2018,5195,396,7952,23430,163431,Kingston (C) (Vic.),4865.661961317009
ASHBURTON,21110,Boroondara (C),21110,163,353,594,10,2018,4339,171,5630,21110,181289,Boroondara (C),3105.538670299908
DROUIN SOUTH,20830,Baw Baw (S),20830,125,433,627,17,2018,1561,167,2930,20830,52015,Baw Baw (S),5632.990483514371
DOCKLANDS,24600,Melbourne (C),24600,1372,2759,4028,69,2018,15254,3418,26900,24600,169961,Melbourne (C),15827.16034855055
DON VALLEY,27450,Yarra Ranges (S),27450,232,835,1088,22,2018,3030,302,5509,27450,158173,Yarra Ranges (S),3482.8953108305464
DONCASTER,24210,Manningham (C),24210,117,278,498,1,2018,2680,96,3670,24210,125508,Manningham (C),2924.116390987029
DONCASTER EAST,24210,Manningham (C),24210,117,278,498,1,2018,2680,96,3670,24210,125508,Manningham (C),2924.116390987029
DONNYBROOK,27070,Whittlesea (C),27070,329,1217,2115,11,2018,7361,318,11351,27070,223322,Whittlesea (C),5082.795246325933
DONVALE,24210,Manningham (C),24210,117,278,498,1,2018,2680,96,3670,24210,125508,Manningham (C),2924.116390987029
DOREEN,25710,Nillumbik (S),25710,71,179,263,1,2018,1227,53,1794,25710,64941,Nillumbik (S),2762.507506813877
DOVETON,21610,Casey (C),21610,572,1637,3076,15,2018,8883,577,14760,21610,340419,Casey (C),4335.833193799406
DROUIN,20830,Baw Baw (S),20830,125,433,627,17,2018,1561,167,2930,20830,52015,Baw Baw (S),5632.990483514371
DROUIN WEST,20830,Baw Baw (S),20830,125,433,627,17,2018,1561,167,2930,20830,52015,Baw Baw (S),5632.990483514371
ASPENDALE GARDENS,23430,Kingston (C),23430,278,971,1091,21,2018,5195,396,7952,23430,163431,Kingston (C) (Vic.),4865.661961317009
DRUMCONDRA,22750,Greater Geelong (C),22750,507,1874,2481,26,2018,11158,902,16948,22750,252217,Greater Geelong (C),6719.6104941379845
DRUMMOND,22910,Hepburn (S),22910,16,83,126,0,2018,396,18,639,22910,15812,Hepburn (S),4041.234505438907
DRUMMOND NORTH,22910,Hepburn (S),22910,16,83,126,0,2018,396,18,639,22910,15812,Hepburn (S),4041.234505438907
DRYSDALE,22750,Greater Geelong (C),22750,507,1874,2481,26,2018,11158,902,16948,22750,252217,Greater Geelong (C),6719.6104941379845
ATHLONE,20830,Baw Baw (S),20830,125,433,627,17,2018,1561,167,2930,20830,52015,Baw Baw (S),5632.990483514371
ATTWOOD,23270,Hume (C),23270,548,2012,2439,21,2018,9605,673,15298,23270,224394,Hume (C),6817.47283795467
EAGLEMONT,20660,Banyule (C),20660,193,1467,882,11,2018,4543,276,7372,20660,130237,Banyule (C),5660.449795373051
EAST GEELONG,22750,Greater Geelong (C),22750,507,1874,2481,26,2018,11158,902,16948,22750,252217,Greater Geelong (C),6719.6104941379845
EAST MELBOURNE,24600,Melbourne (C),24600,1372,2759,4028,69,2018,15254,3418,26900,24600,169961,Melbourne (C),15827.16034855055
EAST WARBURTON,27450,Yarra Ranges (S),27450,232,835,1088,22,2018,3030,302,5509,27450,158173,Yarra Ranges (S),3482.8953108305464
EDEN PARK,27070,Whittlesea (C),27070,329,1217,2115,11,2018,7361,318,11351,27070,223322,Whittlesea (C),5082.795246325933
EDGECOMBE,24130,Macedon Ranges (S),24130,54,231,287,6,2018,869,79,1526,24130,49388,Macedon Ranges (S),3089.8193893253424
EILDON,25620,Murrindindi (S),25620,41,49,116,3,2018,289,37,535,25620,14478,Murrindindi (S),3695.261776488465
AVALON,22750,Greater Geelong (C),22750,507,1874,2481,26,2018,11158,902,16948,22750,252217,Greater Geelong (C),6719.6104941379845
EDITHVALE,23430,Kingston (C),23430,278,971,1091,21,2018,5195,396,7952,23430,163431,Kingston (C) (Vic.),4865.661961317009
ELSTERNWICK,22310,Glen Eira (C),22310,150,335,700,9,2018,3738,299,5231,22310,153858,Glen Eira (C),3399.888208607937
ELTHAM,25710,Nillumbik (S),25710,71,179,263,1,2018,1227,53,1794,25710,64941,Nillumbik (S),2762.507506813877
ELTHAM NORTH,25710,Nillumbik (S),25710,71,179,263,1,2018,1227,53,1794,25710,64941,Nillumbik (S),2762.507506813877
ENDEAVOUR HILLS,21610,Casey (C),21610,572,1637,3076,15,2018,8883,577,14760,21610,340419,Casey (C),4335.833193799406
EPPING,27070,Whittlesea (C),27070,329,1217,2115,11,2018,7361,318,11351,27070,223322,Whittlesea (C),5082.795246325933
ESSENDON,25060,Moonee Valley (C),25060,223,661,845,13,2018,4586,370,6698,25060,127883,Moonee Valley (C),5237.599993744282
ESSENDON NORTH,25060,Moonee Valley (C),25060,223,661,845,13,2018,4586,370,6698,25060,127883,Moonee Valley (C),5237.599993744282
ESSENDON WEST,25060,Moonee Valley (C),25060,223,661,845,13,2018,4586,370,6698,25060,127883,Moonee Valley (C),5237.599993744282
AVONDALE HEIGHTS,25060,Moonee Valley (C),25060,223,661,845,13,2018,4586,370,6698,25060,127883,Moonee Valley (C),5237.599993744282
EUMEMMERRING,21610,Casey (C),21610,572,1637,3076,15,2018,8883,577,14760,21610,340419,Casey (C),4335.833193799406
FAIRFIELD,27350,Yarra (C),27350,390,786,1281,10,2018,7372,771,10610,27350,98521,Yarra (C),10769.277615939747
EXFORD,24650,Melton (S),24650,213,870,1507,8,2018,4963,248,7809,24650,156713,Melton (C),4982.994391020528
EYNESBURY,24650,Melton (S),24650,213,870,1507,8,2018,4963,248,7809,24650,156713,Melton (C),4982.994391020528
FLOWERDALE,25620,Murrindindi (S),25620,41,49,116,3,2018,289,37,535,25620,14478,Murrindindi (S),3695.261776488465
AVONSLEIGH,21450,Cardinia (S),21450,197,465,758,14,2018,2604,239,4277,21450,107120,Cardinia (S),3992.718446601942
FAWKNER,25250,Moreland (C),25250,272,900,1430,16,2018,7913,455,10986,25250,181725,Moreland (C),6045.398266611638
FERN HILL,24130,Macedon Ranges (S),24130,54,231,287,6,2018,869,79,1526,24130,49388,Macedon Ranges (S),3089.8193893253424
FERNSHAW,27450,Yarra Ranges (S),27450,232,835,1088,22,2018,3030,302,5509,27450,158173,Yarra Ranges (S),3482.8953108305464
FERNTREE GULLY,23670,Knox (C),23670,519,982,1198,15,2018,5329,471,8514,23670,163203,Knox (C),5216.815867355379
GHIN GHIN,25620,Murrindindi (S),25620,41,49,116,3,2018,289,37,535,25620,14478,Murrindindi (S),3695.261776488465
FERNY CREEK,27450,Yarra Ranges (S),27450,232,835,1088,22,2018,3030,302,5509,27450,158173,Yarra Ranges (S),3482.8953108305464
FITZROY,27350,Yarra (C),27350,390,786,1281,10,2018,7372,771,10610,27350,98521,Yarra (C),10769.277615939747
GISBORNE SOUTH,24130,Macedon Ranges (S),24130,54,231,287,6,2018,869,79,1526,24130,49388,Macedon Ranges (S),3089.8193893253424
FITZROY NORTH,27350,Yarra (C),27350,390,786,1281,10,2018,7372,771,10610,27350,98521,Yarra (C),10769.277615939747
FLEMINGTON,24600,Melbourne (C),24600,1372,2759,4028,69,2018,15254,3418,26900,24600,169961,Melbourne (C),15827.16034855055
FOOTSCRAY,24330,Maribyrnong (C),24330,200,491,777,12,2018,4738,364,6582,24330,91387,Maribyrnong (C),7202.33731274689
FORBES,24850,Mitchell (S),24850,173,466,678,6,2018,1510,209,3042,24850,44299,Mitchell (S),6866.972166414592
FOREST HILL,26980,Whitehorse (C),26980,174,516,850,13,2018,4712,229,6494,26980,176196,Whitehorse (C),3685.6682331040433
FRANKSTON,22170,Frankston (C),22170,516,2004,1606,14,2018,5771,816,10727,22170,141845,Frankston (C),7562.480172018753
BACCHUS MARSH,25150,Moorabool (S),25150,54,225,341,4,2018,1122,77,1823,25150,34158,Moorabool (S),5336.963522454476
FRANKSTON NORTH,22170,Frankston (C),22170,516,2004,1606,14,2018,5771,816,10727,22170,141845,Frankston (C),7562.480172018753
FRANKSTON SOUTH,22170,Frankston (C),22170,516,2004,1606,14,2018,5771,816,10727,22170,141845,Frankston (C),7562.480172018753
GARFIELD,21450,Cardinia (S),21450,197,465,758,14,2018,2604,239,4277,21450,107120,Cardinia (S),3992.718446601942
GARFIELD NORTH,21450,Cardinia (S),21450,197,465,758,14,2018,2604,239,4277,21450,107120,Cardinia (S),3992.718446601942
BADGER CREEK,27450,Yarra Ranges (S),27450,232,835,1088,22,2018,3030,302,5509,27450,158173,Yarra Ranges (S),3482.8953108305464
GEELONG,22750,Greater Geelong (C),22750,507,1874,2481,26,2018,11158,902,16948,22750,252217,Greater Geelong (C),6719.6104941379845
GEMBROOK,21450,Cardinia (S),21450,197,465,758,14,2018,2604,239,4277,21450,107120,Cardinia (S),3992.718446601942
GENTLE ANNIE,20830,Baw Baw (S),20830,125,433,627,17,2018,1561,167,2930,20830,52015,Baw Baw (S),5632.990483514371
GILDEROY,27450,Yarra Ranges (S),27450,232,835,1088,22,2018,3030,302,5509,27450,158173,Yarra Ranges (S),3482.8953108305464
GLADSTONE PARK,23270,Hume (C),23270,548,2012,2439,21,2018,9605,673,15298,23270,224394,Hume (C),6817.47283795467
GLADYSDALE,27450,Yarra Ranges (S),27450,232,835,1088,22,2018,3030,302,5509,27450,158173,Yarra Ranges (S),3482.8953108305464
